-- Import für LSPD-Dashboard aus CSV-Export 2026-06-19
-- TERMINATED Officers werden bewusst NICHT importiert.
-- Importiert: Ranks, Officers, Dienstzeit-Sessions, PromotionLogs, Sanctions.
SET NAMES utf8mb4;
SET FOREIGN_KEY_CHECKS = 0;
START TRANSACTION;

-- Falls vorher bereits TERMINATED Officers importiert wurden, kannst du diese Zeile aktivieren:
-- DELETE FROM `Officer` WHERE `status` = 'TERMINATED';

-- Ränge
INSERT INTO `Rank` (`id`,`name`,`sortOrder`,`color`,`badgeMin`,`badgeMax`,`createdAt`,`updatedAt`) VALUES ('rank_rookie','Rookie',1,'#3B82F6',NULL,NULL,NOW(),NOW()) ON DUPLICATE KEY UPDATE `name`=VALUES(`name`),`sortOrder`=VALUES(`sortOrder`),`color`=VALUES(`color`),`updatedAt`=NOW();
INSERT INTO `Rank` (`id`,`name`,`sortOrder`,`color`,`badgeMin`,`badgeMax`,`createdAt`,`updatedAt`) VALUES ('rank_officer_1','Officer 1',2,'#3B82F6',NULL,NULL,NOW(),NOW()) ON DUPLICATE KEY UPDATE `name`=VALUES(`name`),`sortOrder`=VALUES(`sortOrder`),`color`=VALUES(`color`),`updatedAt`=NOW();
INSERT INTO `Rank` (`id`,`name`,`sortOrder`,`color`,`badgeMin`,`badgeMax`,`createdAt`,`updatedAt`) VALUES ('rank_officer_2','Officer 2',3,'#3B82F6',NULL,NULL,NOW(),NOW()) ON DUPLICATE KEY UPDATE `name`=VALUES(`name`),`sortOrder`=VALUES(`sortOrder`),`color`=VALUES(`color`),`updatedAt`=NOW();
INSERT INTO `Rank` (`id`,`name`,`sortOrder`,`color`,`badgeMin`,`badgeMax`,`createdAt`,`updatedAt`) VALUES ('rank_officer_3','Officer 3',4,'#3B82F6',NULL,NULL,NOW(),NOW()) ON DUPLICATE KEY UPDATE `name`=VALUES(`name`),`sortOrder`=VALUES(`sortOrder`),`color`=VALUES(`color`),`updatedAt`=NOW();
INSERT INTO `Rank` (`id`,`name`,`sortOrder`,`color`,`badgeMin`,`badgeMax`,`createdAt`,`updatedAt`) VALUES ('rank_senior_officer','Senior Officer',5,'#3B82F6',NULL,NULL,NOW(),NOW()) ON DUPLICATE KEY UPDATE `name`=VALUES(`name`),`sortOrder`=VALUES(`sortOrder`),`color`=VALUES(`color`),`updatedAt`=NOW();
INSERT INTO `Rank` (`id`,`name`,`sortOrder`,`color`,`badgeMin`,`badgeMax`,`createdAt`,`updatedAt`) VALUES ('rank_sergeant_1','Sergeant 1',6,'#3B82F6',NULL,NULL,NOW(),NOW()) ON DUPLICATE KEY UPDATE `name`=VALUES(`name`),`sortOrder`=VALUES(`sortOrder`),`color`=VALUES(`color`),`updatedAt`=NOW();
INSERT INTO `Rank` (`id`,`name`,`sortOrder`,`color`,`badgeMin`,`badgeMax`,`createdAt`,`updatedAt`) VALUES ('rank_sergeant_2','Sergeant 2',7,'#3B82F6',NULL,NULL,NOW(),NOW()) ON DUPLICATE KEY UPDATE `name`=VALUES(`name`),`sortOrder`=VALUES(`sortOrder`),`color`=VALUES(`color`),`updatedAt`=NOW();
INSERT INTO `Rank` (`id`,`name`,`sortOrder`,`color`,`badgeMin`,`badgeMax`,`createdAt`,`updatedAt`) VALUES ('rank_lieutenant_1','Lieutenant 1',8,'#3B82F6',NULL,NULL,NOW(),NOW()) ON DUPLICATE KEY UPDATE `name`=VALUES(`name`),`sortOrder`=VALUES(`sortOrder`),`color`=VALUES(`color`),`updatedAt`=NOW();
INSERT INTO `Rank` (`id`,`name`,`sortOrder`,`color`,`badgeMin`,`badgeMax`,`createdAt`,`updatedAt`) VALUES ('rank_lieutenant_2','Lieutenant 2',9,'#3B82F6',NULL,NULL,NOW(),NOW()) ON DUPLICATE KEY UPDATE `name`=VALUES(`name`),`sortOrder`=VALUES(`sortOrder`),`color`=VALUES(`color`),`updatedAt`=NOW();
INSERT INTO `Rank` (`id`,`name`,`sortOrder`,`color`,`badgeMin`,`badgeMax`,`createdAt`,`updatedAt`) VALUES ('rank_captain_of_lspd','Captain of LSPD',10,'#3B82F6',NULL,NULL,NOW(),NOW()) ON DUPLICATE KEY UPDATE `name`=VALUES(`name`),`sortOrder`=VALUES(`sortOrder`),`color`=VALUES(`color`),`updatedAt`=NOW();
INSERT INTO `Rank` (`id`,`name`,`sortOrder`,`color`,`badgeMin`,`badgeMax`,`createdAt`,`updatedAt`) VALUES ('rank_commander_of_operation','Commander of Operation',11,'#3B82F6',NULL,NULL,NOW(),NOW()) ON DUPLICATE KEY UPDATE `name`=VALUES(`name`),`sortOrder`=VALUES(`sortOrder`),`color`=VALUES(`color`),`updatedAt`=NOW();
INSERT INTO `Rank` (`id`,`name`,`sortOrder`,`color`,`badgeMin`,`badgeMax`,`createdAt`,`updatedAt`) VALUES ('rank_commander_of_organisation','Commander of Organisation',12,'#3B82F6',NULL,NULL,NOW(),NOW()) ON DUPLICATE KEY UPDATE `name`=VALUES(`name`),`sortOrder`=VALUES(`sortOrder`),`color`=VALUES(`color`),`updatedAt`=NOW();
INSERT INTO `Rank` (`id`,`name`,`sortOrder`,`color`,`badgeMin`,`badgeMax`,`createdAt`,`updatedAt`) VALUES ('rank_deputy_chief_of_police','Deputy Chief of Police',13,'#3B82F6',NULL,NULL,NOW(),NOW()) ON DUPLICATE KEY UPDATE `name`=VALUES(`name`),`sortOrder`=VALUES(`sortOrder`),`color`=VALUES(`color`),`updatedAt`=NOW();
INSERT INTO `Rank` (`id`,`name`,`sortOrder`,`color`,`badgeMin`,`badgeMax`,`createdAt`,`updatedAt`) VALUES ('rank_assistant_chief_of_police','Assistant Chief of Police',14,'#3B82F6',NULL,NULL,NOW(),NOW()) ON DUPLICATE KEY UPDATE `name`=VALUES(`name`),`sortOrder`=VALUES(`sortOrder`),`color`=VALUES(`color`),`updatedAt`=NOW();
INSERT INTO `Rank` (`id`,`name`,`sortOrder`,`color`,`badgeMin`,`badgeMax`,`createdAt`,`updatedAt`) VALUES ('rank_chief_of_police','Chief of Police',15,'#3B82F6',NULL,NULL,NOW(),NOW()) ON DUPLICATE KEY UPDATE `name`=VALUES(`name`),`sortOrder`=VALUES(`sortOrder`),`color`=VALUES(`color`),`updatedAt`=NOW();
INSERT INTO `Rank` (`id`,`name`,`sortOrder`,`color`,`badgeMin`,`badgeMax`,`createdAt`,`updatedAt`) VALUES ('rank_commisioner','Commisioner',16,'#3B82F6',NULL,NULL,NOW(),NOW()) ON DUPLICATE KEY UPDATE `name`=VALUES(`name`),`sortOrder`=VALUES(`sortOrder`),`color`=VALUES(`color`),`updatedAt`=NOW();

-- Officers ohne TERMINATED
INSERT INTO `Officer` (`id`,`badgeNumber`,`discordId`,`firstName`,`lastName`,`rankId`,`status`,`unit`,`units`,`flag`,`notes`,`hireDate`,`lastOnline`,`createdAt`,`updatedAt`) VALUES ('officer_1','1','285720158402510848','Von','Falkenstein','rank_chief_of_police','INACTIVE',NULL,JSON_ARRAY(),NULL,NULL,'2026-01-01 00:00:00','2026-05-22 22:32:00',NOW(),NOW()) ON DUPLICATE KEY UPDATE `badgeNumber`=VALUES(`badgeNumber`),`discordId`=VALUES(`discordId`),`firstName`=VALUES(`firstName`),`lastName`=VALUES(`lastName`),`rankId`=VALUES(`rankId`),`status`=VALUES(`status`),`hireDate`=VALUES(`hireDate`),`lastOnline`=VALUES(`lastOnline`),`updatedAt`=NOW();
INSERT INTO `Officer` (`id`,`badgeNumber`,`discordId`,`firstName`,`lastName`,`rankId`,`status`,`unit`,`units`,`flag`,`notes`,`hireDate`,`lastOnline`,`createdAt`,`updatedAt`) VALUES ('officer_2','2','896078410017824799','Hanni','Killer','rank_assistant_chief_of_police','INACTIVE',NULL,JSON_ARRAY(),NULL,NULL,'2026-01-01 00:00:00','2026-05-19 18:43:00',NOW(),NOW()) ON DUPLICATE KEY UPDATE `badgeNumber`=VALUES(`badgeNumber`),`discordId`=VALUES(`discordId`),`firstName`=VALUES(`firstName`),`lastName`=VALUES(`lastName`),`rankId`=VALUES(`rankId`),`status`=VALUES(`status`),`hireDate`=VALUES(`hireDate`),`lastOnline`=VALUES(`lastOnline`),`updatedAt`=NOW();
INSERT INTO `Officer` (`id`,`badgeNumber`,`discordId`,`firstName`,`lastName`,`rankId`,`status`,`unit`,`units`,`flag`,`notes`,`hireDate`,`lastOnline`,`createdAt`,`updatedAt`) VALUES ('officer_4','4','928021462386892830','Dr. Emin','Perez','rank_commander_of_organisation','ACTIVE',NULL,JSON_ARRAY(),NULL,NULL,'2026-01-01 00:00:00','2026-06-20 01:33:00',NOW(),NOW()) ON DUPLICATE KEY UPDATE `badgeNumber`=VALUES(`badgeNumber`),`discordId`=VALUES(`discordId`),`firstName`=VALUES(`firstName`),`lastName`=VALUES(`lastName`),`rankId`=VALUES(`rankId`),`status`=VALUES(`status`),`hireDate`=VALUES(`hireDate`),`lastOnline`=VALUES(`lastOnline`),`updatedAt`=NOW();
INSERT INTO `Officer` (`id`,`badgeNumber`,`discordId`,`firstName`,`lastName`,`rankId`,`status`,`unit`,`units`,`flag`,`notes`,`hireDate`,`lastOnline`,`createdAt`,`updatedAt`) VALUES ('officer_5','5','981918775651745832','Ruben','Hoffmann','rank_commander_of_organisation','ACTIVE',NULL,JSON_ARRAY(),NULL,NULL,'2026-01-01 00:00:00','2026-06-19 23:27:00',NOW(),NOW()) ON DUPLICATE KEY UPDATE `badgeNumber`=VALUES(`badgeNumber`),`discordId`=VALUES(`discordId`),`firstName`=VALUES(`firstName`),`lastName`=VALUES(`lastName`),`rankId`=VALUES(`rankId`),`status`=VALUES(`status`),`hireDate`=VALUES(`hireDate`),`lastOnline`=VALUES(`lastOnline`),`updatedAt`=NOW();
INSERT INTO `Officer` (`id`,`badgeNumber`,`discordId`,`firstName`,`lastName`,`rankId`,`status`,`unit`,`units`,`flag`,`notes`,`hireDate`,`lastOnline`,`createdAt`,`updatedAt`) VALUES ('officer_6','6','800702051700834305','Antonio','Izza','rank_commander_of_operation','INACTIVE',NULL,JSON_ARRAY(),NULL,NULL,'2026-01-01 00:00:00','2026-05-21 21:10:00',NOW(),NOW()) ON DUPLICATE KEY UPDATE `badgeNumber`=VALUES(`badgeNumber`),`discordId`=VALUES(`discordId`),`firstName`=VALUES(`firstName`),`lastName`=VALUES(`lastName`),`rankId`=VALUES(`rankId`),`status`=VALUES(`status`),`hireDate`=VALUES(`hireDate`),`lastOnline`=VALUES(`lastOnline`),`updatedAt`=NOW();
INSERT INTO `Officer` (`id`,`badgeNumber`,`discordId`,`firstName`,`lastName`,`rankId`,`status`,`unit`,`units`,`flag`,`notes`,`hireDate`,`lastOnline`,`createdAt`,`updatedAt`) VALUES ('officer_8','8','791747262056235029','Riccardo','Izza','rank_captain_of_lspd','INACTIVE',NULL,JSON_ARRAY(),NULL,NULL,'2026-01-01 00:00:00','2026-05-19 18:43:00',NOW(),NOW()) ON DUPLICATE KEY UPDATE `badgeNumber`=VALUES(`badgeNumber`),`discordId`=VALUES(`discordId`),`firstName`=VALUES(`firstName`),`lastName`=VALUES(`lastName`),`rankId`=VALUES(`rankId`),`status`=VALUES(`status`),`hireDate`=VALUES(`hireDate`),`lastOnline`=VALUES(`lastOnline`),`updatedAt`=NOW();
INSERT INTO `Officer` (`id`,`badgeNumber`,`discordId`,`firstName`,`lastName`,`rankId`,`status`,`unit`,`units`,`flag`,`notes`,`hireDate`,`lastOnline`,`createdAt`,`updatedAt`) VALUES ('officer_9','9','399513291426234368','Lionel','Alvarez','rank_captain_of_lspd','INACTIVE',NULL,JSON_ARRAY(),NULL,NULL,'2026-01-01 00:00:00','2026-06-02 20:29:00',NOW(),NOW()) ON DUPLICATE KEY UPDATE `badgeNumber`=VALUES(`badgeNumber`),`discordId`=VALUES(`discordId`),`firstName`=VALUES(`firstName`),`lastName`=VALUES(`lastName`),`rankId`=VALUES(`rankId`),`status`=VALUES(`status`),`hireDate`=VALUES(`hireDate`),`lastOnline`=VALUES(`lastOnline`),`updatedAt`=NOW();
INSERT INTO `Officer` (`id`,`badgeNumber`,`discordId`,`firstName`,`lastName`,`rankId`,`status`,`unit`,`units`,`flag`,`notes`,`hireDate`,`lastOnline`,`createdAt`,`updatedAt`) VALUES ('officer_10','10','675789303078715392','Fifty','Caruso','rank_captain_of_lspd','INACTIVE',NULL,JSON_ARRAY(),NULL,NULL,'2026-04-22 00:00:00','2026-05-20 16:07:00',NOW(),NOW()) ON DUPLICATE KEY UPDATE `badgeNumber`=VALUES(`badgeNumber`),`discordId`=VALUES(`discordId`),`firstName`=VALUES(`firstName`),`lastName`=VALUES(`lastName`),`rankId`=VALUES(`rankId`),`status`=VALUES(`status`),`hireDate`=VALUES(`hireDate`),`lastOnline`=VALUES(`lastOnline`),`updatedAt`=NOW();
INSERT INTO `Officer` (`id`,`badgeNumber`,`discordId`,`firstName`,`lastName`,`rankId`,`status`,`unit`,`units`,`flag`,`notes`,`hireDate`,`lastOnline`,`createdAt`,`updatedAt`) VALUES ('officer_11','11','726141697620443188','Herbert','Streicher','rank_lieutenant_2','INACTIVE',NULL,JSON_ARRAY(),NULL,NULL,'2026-01-01 00:00:00','2026-05-22 18:46:00',NOW(),NOW()) ON DUPLICATE KEY UPDATE `badgeNumber`=VALUES(`badgeNumber`),`discordId`=VALUES(`discordId`),`firstName`=VALUES(`firstName`),`lastName`=VALUES(`lastName`),`rankId`=VALUES(`rankId`),`status`=VALUES(`status`),`hireDate`=VALUES(`hireDate`),`lastOnline`=VALUES(`lastOnline`),`updatedAt`=NOW();
INSERT INTO `Officer` (`id`,`badgeNumber`,`discordId`,`firstName`,`lastName`,`rankId`,`status`,`unit`,`units`,`flag`,`notes`,`hireDate`,`lastOnline`,`createdAt`,`updatedAt`) VALUES ('officer_20','20','533656294809141248','Toni','Lacoster','rank_lieutenant_1','ACTIVE',NULL,JSON_ARRAY(),NULL,NULL,'2026-01-01 00:00:00','2026-06-13 19:35:00',NOW(),NOW()) ON DUPLICATE KEY UPDATE `badgeNumber`=VALUES(`badgeNumber`),`discordId`=VALUES(`discordId`),`firstName`=VALUES(`firstName`),`lastName`=VALUES(`lastName`),`rankId`=VALUES(`rankId`),`status`=VALUES(`status`),`hireDate`=VALUES(`hireDate`),`lastOnline`=VALUES(`lastOnline`),`updatedAt`=NOW();
INSERT INTO `Officer` (`id`,`badgeNumber`,`discordId`,`firstName`,`lastName`,`rankId`,`status`,`unit`,`units`,`flag`,`notes`,`hireDate`,`lastOnline`,`createdAt`,`updatedAt`) VALUES ('officer_21','21','1283789023046795330','Rick','Nacs','rank_lieutenant_1','INACTIVE',NULL,JSON_ARRAY(),NULL,NULL,'2026-01-01 00:00:00','2026-06-02 19:23:00',NOW(),NOW()) ON DUPLICATE KEY UPDATE `badgeNumber`=VALUES(`badgeNumber`),`discordId`=VALUES(`discordId`),`firstName`=VALUES(`firstName`),`lastName`=VALUES(`lastName`),`rankId`=VALUES(`rankId`),`status`=VALUES(`status`),`hireDate`=VALUES(`hireDate`),`lastOnline`=VALUES(`lastOnline`),`updatedAt`=NOW();
INSERT INTO `Officer` (`id`,`badgeNumber`,`discordId`,`firstName`,`lastName`,`rankId`,`status`,`unit`,`units`,`flag`,`notes`,`hireDate`,`lastOnline`,`createdAt`,`updatedAt`) VALUES ('officer_22','22','753329949615718540','Sebastian','Neuhaus','rank_lieutenant_1','ACTIVE',NULL,JSON_ARRAY(),NULL,NULL,'2026-01-01 00:00:00','2026-06-14 23:35:00',NOW(),NOW()) ON DUPLICATE KEY UPDATE `badgeNumber`=VALUES(`badgeNumber`),`discordId`=VALUES(`discordId`),`firstName`=VALUES(`firstName`),`lastName`=VALUES(`lastName`),`rankId`=VALUES(`rankId`),`status`=VALUES(`status`),`hireDate`=VALUES(`hireDate`),`lastOnline`=VALUES(`lastOnline`),`updatedAt`=NOW();
INSERT INTO `Officer` (`id`,`badgeNumber`,`discordId`,`firstName`,`lastName`,`rankId`,`status`,`unit`,`units`,`flag`,`notes`,`hireDate`,`lastOnline`,`createdAt`,`updatedAt`) VALUES ('officer_40','40','959080730149929023','Philipp','Müller','rank_sergeant_1','ACTIVE',NULL,JSON_ARRAY(),NULL,NULL,'2026-04-21 00:00:00','2026-06-19 16:35:00',NOW(),NOW()) ON DUPLICATE KEY UPDATE `badgeNumber`=VALUES(`badgeNumber`),`discordId`=VALUES(`discordId`),`firstName`=VALUES(`firstName`),`lastName`=VALUES(`lastName`),`rankId`=VALUES(`rankId`),`status`=VALUES(`status`),`hireDate`=VALUES(`hireDate`),`lastOnline`=VALUES(`lastOnline`),`updatedAt`=NOW();
INSERT INTO `Officer` (`id`,`badgeNumber`,`discordId`,`firstName`,`lastName`,`rankId`,`status`,`unit`,`units`,`flag`,`notes`,`hireDate`,`lastOnline`,`createdAt`,`updatedAt`) VALUES ('officer_44','44','1188788576788414576','Jarno','Vortex','rank_sergeant_1','INACTIVE',NULL,JSON_ARRAY(),NULL,NULL,'2026-01-01 00:00:00','2026-05-19 18:43:00',NOW(),NOW()) ON DUPLICATE KEY UPDATE `badgeNumber`=VALUES(`badgeNumber`),`discordId`=VALUES(`discordId`),`firstName`=VALUES(`firstName`),`lastName`=VALUES(`lastName`),`rankId`=VALUES(`rankId`),`status`=VALUES(`status`),`hireDate`=VALUES(`hireDate`),`lastOnline`=VALUES(`lastOnline`),`updatedAt`=NOW();
INSERT INTO `Officer` (`id`,`badgeNumber`,`discordId`,`firstName`,`lastName`,`rankId`,`status`,`unit`,`units`,`flag`,`notes`,`hireDate`,`lastOnline`,`createdAt`,`updatedAt`) VALUES ('officer_50','50','565983192016748544','Devid','Smoke','rank_senior_officer','INACTIVE',NULL,JSON_ARRAY(),NULL,NULL,'2026-04-19 00:00:00','2026-05-19 21:32:00',NOW(),NOW()) ON DUPLICATE KEY UPDATE `badgeNumber`=VALUES(`badgeNumber`),`discordId`=VALUES(`discordId`),`firstName`=VALUES(`firstName`),`lastName`=VALUES(`lastName`),`rankId`=VALUES(`rankId`),`status`=VALUES(`status`),`hireDate`=VALUES(`hireDate`),`lastOnline`=VALUES(`lastOnline`),`updatedAt`=NOW();
INSERT INTO `Officer` (`id`,`badgeNumber`,`discordId`,`firstName`,`lastName`,`rankId`,`status`,`unit`,`units`,`flag`,`notes`,`hireDate`,`lastOnline`,`createdAt`,`updatedAt`) VALUES ('officer_51','51','1346579237100060743','Philipp','Brandt','rank_senior_officer','INACTIVE',NULL,JSON_ARRAY(),NULL,NULL,'2026-04-16 00:00:00','2026-05-19 18:43:00',NOW(),NOW()) ON DUPLICATE KEY UPDATE `badgeNumber`=VALUES(`badgeNumber`),`discordId`=VALUES(`discordId`),`firstName`=VALUES(`firstName`),`lastName`=VALUES(`lastName`),`rankId`=VALUES(`rankId`),`status`=VALUES(`status`),`hireDate`=VALUES(`hireDate`),`lastOnline`=VALUES(`lastOnline`),`updatedAt`=NOW();
INSERT INTO `Officer` (`id`,`badgeNumber`,`discordId`,`firstName`,`lastName`,`rankId`,`status`,`unit`,`units`,`flag`,`notes`,`hireDate`,`lastOnline`,`createdAt`,`updatedAt`) VALUES ('officer_54','54','1161922674264657961','Willy','Wonker','rank_senior_officer','ACTIVE',NULL,JSON_ARRAY(),NULL,NULL,'2026-04-21 00:00:00','2026-06-14 22:05:00',NOW(),NOW()) ON DUPLICATE KEY UPDATE `badgeNumber`=VALUES(`badgeNumber`),`discordId`=VALUES(`discordId`),`firstName`=VALUES(`firstName`),`lastName`=VALUES(`lastName`),`rankId`=VALUES(`rankId`),`status`=VALUES(`status`),`hireDate`=VALUES(`hireDate`),`lastOnline`=VALUES(`lastOnline`),`updatedAt`=NOW();
INSERT INTO `Officer` (`id`,`badgeNumber`,`discordId`,`firstName`,`lastName`,`rankId`,`status`,`unit`,`units`,`flag`,`notes`,`hireDate`,`lastOnline`,`createdAt`,`updatedAt`) VALUES ('officer_91','91','1026560921306398722','Kevin','Salzmann','rank_officer_2','INACTIVE',NULL,JSON_ARRAY(),NULL,NULL,'2026-04-25 00:00:00','2026-05-19 18:43:00',NOW(),NOW()) ON DUPLICATE KEY UPDATE `badgeNumber`=VALUES(`badgeNumber`),`discordId`=VALUES(`discordId`),`firstName`=VALUES(`firstName`),`lastName`=VALUES(`lastName`),`rankId`=VALUES(`rankId`),`status`=VALUES(`status`),`hireDate`=VALUES(`hireDate`),`lastOnline`=VALUES(`lastOnline`),`updatedAt`=NOW();
INSERT INTO `Officer` (`id`,`badgeNumber`,`discordId`,`firstName`,`lastName`,`rankId`,`status`,`unit`,`units`,`flag`,`notes`,`hireDate`,`lastOnline`,`createdAt`,`updatedAt`) VALUES ('officer_92','92','1109089681234198618','Ben','Geber','rank_officer_2','INACTIVE',NULL,JSON_ARRAY(),NULL,NULL,'2026-04-19 00:00:00','2026-05-23 12:09:00',NOW(),NOW()) ON DUPLICATE KEY UPDATE `badgeNumber`=VALUES(`badgeNumber`),`discordId`=VALUES(`discordId`),`firstName`=VALUES(`firstName`),`lastName`=VALUES(`lastName`),`rankId`=VALUES(`rankId`),`status`=VALUES(`status`),`hireDate`=VALUES(`hireDate`),`lastOnline`=VALUES(`lastOnline`),`updatedAt`=NOW();
INSERT INTO `Officer` (`id`,`badgeNumber`,`discordId`,`firstName`,`lastName`,`rankId`,`status`,`unit`,`units`,`flag`,`notes`,`hireDate`,`lastOnline`,`createdAt`,`updatedAt`) VALUES ('officer_93','93','1491043791765770350','Jeffry','Kartmann','rank_officer_2','ACTIVE',NULL,JSON_ARRAY(),NULL,NULL,'2026-04-30 00:00:00','2026-06-20 01:02:00',NOW(),NOW()) ON DUPLICATE KEY UPDATE `badgeNumber`=VALUES(`badgeNumber`),`discordId`=VALUES(`discordId`),`firstName`=VALUES(`firstName`),`lastName`=VALUES(`lastName`),`rankId`=VALUES(`rankId`),`status`=VALUES(`status`),`hireDate`=VALUES(`hireDate`),`lastOnline`=VALUES(`lastOnline`),`updatedAt`=NOW();
INSERT INTO `Officer` (`id`,`badgeNumber`,`discordId`,`firstName`,`lastName`,`rankId`,`status`,`unit`,`units`,`flag`,`notes`,`hireDate`,`lastOnline`,`createdAt`,`updatedAt`) VALUES ('officer_98','98','1429924298147237998','Loco','Wolrie','rank_officer_2','ACTIVE',NULL,JSON_ARRAY(),NULL,NULL,'2026-05-07 00:00:00','2026-06-14 21:44:00',NOW(),NOW()) ON DUPLICATE KEY UPDATE `badgeNumber`=VALUES(`badgeNumber`),`discordId`=VALUES(`discordId`),`firstName`=VALUES(`firstName`),`lastName`=VALUES(`lastName`),`rankId`=VALUES(`rankId`),`status`=VALUES(`status`),`hireDate`=VALUES(`hireDate`),`lastOnline`=VALUES(`lastOnline`),`updatedAt`=NOW();
INSERT INTO `Officer` (`id`,`badgeNumber`,`discordId`,`firstName`,`lastName`,`rankId`,`status`,`unit`,`units`,`flag`,`notes`,`hireDate`,`lastOnline`,`createdAt`,`updatedAt`) VALUES ('officer_116','116','1211028407136161823','Diyar','Badem','rank_officer_1','INACTIVE',NULL,JSON_ARRAY(),NULL,NULL,'2026-05-07 00:00:00','2026-05-19 21:53:00',NOW(),NOW()) ON DUPLICATE KEY UPDATE `badgeNumber`=VALUES(`badgeNumber`),`discordId`=VALUES(`discordId`),`firstName`=VALUES(`firstName`),`lastName`=VALUES(`lastName`),`rankId`=VALUES(`rankId`),`status`=VALUES(`status`),`hireDate`=VALUES(`hireDate`),`lastOnline`=VALUES(`lastOnline`),`updatedAt`=NOW();
INSERT INTO `Officer` (`id`,`badgeNumber`,`discordId`,`firstName`,`lastName`,`rankId`,`status`,`unit`,`units`,`flag`,`notes`,`hireDate`,`lastOnline`,`createdAt`,`updatedAt`) VALUES ('officer_117','117','954495243741454409','Nieke','Ostmann','rank_officer_1','INACTIVE',NULL,JSON_ARRAY(),NULL,NULL,'2026-04-28 00:00:00','2026-05-24 10:22:00',NOW(),NOW()) ON DUPLICATE KEY UPDATE `badgeNumber`=VALUES(`badgeNumber`),`discordId`=VALUES(`discordId`),`firstName`=VALUES(`firstName`),`lastName`=VALUES(`lastName`),`rankId`=VALUES(`rankId`),`status`=VALUES(`status`),`hireDate`=VALUES(`hireDate`),`lastOnline`=VALUES(`lastOnline`),`updatedAt`=NOW();
INSERT INTO `Officer` (`id`,`badgeNumber`,`discordId`,`firstName`,`lastName`,`rankId`,`status`,`unit`,`units`,`flag`,`notes`,`hireDate`,`lastOnline`,`createdAt`,`updatedAt`) VALUES ('officer_118','118','271761497657442307','Hu','Fao','rank_officer_1','INACTIVE',NULL,JSON_ARRAY(),NULL,NULL,'2026-05-11 00:00:00','2026-05-19 18:43:00',NOW(),NOW()) ON DUPLICATE KEY UPDATE `badgeNumber`=VALUES(`badgeNumber`),`discordId`=VALUES(`discordId`),`firstName`=VALUES(`firstName`),`lastName`=VALUES(`lastName`),`rankId`=VALUES(`rankId`),`status`=VALUES(`status`),`hireDate`=VALUES(`hireDate`),`lastOnline`=VALUES(`lastOnline`),`updatedAt`=NOW();
INSERT INTO `Officer` (`id`,`badgeNumber`,`discordId`,`firstName`,`lastName`,`rankId`,`status`,`unit`,`units`,`flag`,`notes`,`hireDate`,`lastOnline`,`createdAt`,`updatedAt`) VALUES ('officer_121','121','1497264430382190752','Ali','Sahil','rank_officer_1','INACTIVE',NULL,JSON_ARRAY(),NULL,NULL,'2026-05-08 00:00:00','2026-05-19 18:43:00',NOW(),NOW()) ON DUPLICATE KEY UPDATE `badgeNumber`=VALUES(`badgeNumber`),`discordId`=VALUES(`discordId`),`firstName`=VALUES(`firstName`),`lastName`=VALUES(`lastName`),`rankId`=VALUES(`rankId`),`status`=VALUES(`status`),`hireDate`=VALUES(`hireDate`),`lastOnline`=VALUES(`lastOnline`),`updatedAt`=NOW();
INSERT INTO `Officer` (`id`,`badgeNumber`,`discordId`,`firstName`,`lastName`,`rankId`,`status`,`unit`,`units`,`flag`,`notes`,`hireDate`,`lastOnline`,`createdAt`,`updatedAt`) VALUES ('officer_147','147','929360988745117787','Manuel','Scholzi','rank_officer_1','INACTIVE',NULL,JSON_ARRAY(),NULL,NULL,'2026-05-03 00:00:00','2026-06-03 19:04:00',NOW(),NOW()) ON DUPLICATE KEY UPDATE `badgeNumber`=VALUES(`badgeNumber`),`discordId`=VALUES(`discordId`),`firstName`=VALUES(`firstName`),`lastName`=VALUES(`lastName`),`rankId`=VALUES(`rankId`),`status`=VALUES(`status`),`hireDate`=VALUES(`hireDate`),`lastOnline`=VALUES(`lastOnline`),`updatedAt`=NOW();
INSERT INTO `Officer` (`id`,`badgeNumber`,`discordId`,`firstName`,`lastName`,`rankId`,`status`,`unit`,`units`,`flag`,`notes`,`hireDate`,`lastOnline`,`createdAt`,`updatedAt`) VALUES ('officer_130','130','1323805064103596118','Pablo','Dawg','rank_rookie','INACTIVE',NULL,JSON_ARRAY(),NULL,NULL,'2026-05-20 00:00:00','2026-05-31 20:22:00',NOW(),NOW()) ON DUPLICATE KEY UPDATE `badgeNumber`=VALUES(`badgeNumber`),`discordId`=VALUES(`discordId`),`firstName`=VALUES(`firstName`),`lastName`=VALUES(`lastName`),`rankId`=VALUES(`rankId`),`status`=VALUES(`status`),`hireDate`=VALUES(`hireDate`),`lastOnline`=VALUES(`lastOnline`),`updatedAt`=NOW();
INSERT INTO `Officer` (`id`,`badgeNumber`,`discordId`,`firstName`,`lastName`,`rankId`,`status`,`unit`,`units`,`flag`,`notes`,`hireDate`,`lastOnline`,`createdAt`,`updatedAt`) VALUES ('officer_131','131','742108270113718322','Jordan','Davis','rank_rookie','INACTIVE',NULL,JSON_ARRAY(),NULL,NULL,'2026-05-20 00:00:00','2026-05-23 23:22:00',NOW(),NOW()) ON DUPLICATE KEY UPDATE `badgeNumber`=VALUES(`badgeNumber`),`discordId`=VALUES(`discordId`),`firstName`=VALUES(`firstName`),`lastName`=VALUES(`lastName`),`rankId`=VALUES(`rankId`),`status`=VALUES(`status`),`hireDate`=VALUES(`hireDate`),`lastOnline`=VALUES(`lastOnline`),`updatedAt`=NOW();
INSERT INTO `Officer` (`id`,`badgeNumber`,`discordId`,`firstName`,`lastName`,`rankId`,`status`,`unit`,`units`,`flag`,`notes`,`hireDate`,`lastOnline`,`createdAt`,`updatedAt`) VALUES ('officer_132','132','996030627344289894','Finn','Schmalbrot','rank_rookie','INACTIVE',NULL,JSON_ARRAY(),NULL,NULL,'2026-04-30 00:00:00','2026-05-19 18:43:00',NOW(),NOW()) ON DUPLICATE KEY UPDATE `badgeNumber`=VALUES(`badgeNumber`),`discordId`=VALUES(`discordId`),`firstName`=VALUES(`firstName`),`lastName`=VALUES(`lastName`),`rankId`=VALUES(`rankId`),`status`=VALUES(`status`),`hireDate`=VALUES(`hireDate`),`lastOnline`=VALUES(`lastOnline`),`updatedAt`=NOW();
INSERT INTO `Officer` (`id`,`badgeNumber`,`discordId`,`firstName`,`lastName`,`rankId`,`status`,`unit`,`units`,`flag`,`notes`,`hireDate`,`lastOnline`,`createdAt`,`updatedAt`) VALUES ('officer_141','141','937780700470468610','Max','Kartmann','rank_rookie','INACTIVE',NULL,JSON_ARRAY(),NULL,NULL,'2026-05-01 00:00:00','2026-05-19 18:43:00',NOW(),NOW()) ON DUPLICATE KEY UPDATE `badgeNumber`=VALUES(`badgeNumber`),`discordId`=VALUES(`discordId`),`firstName`=VALUES(`firstName`),`lastName`=VALUES(`lastName`),`rankId`=VALUES(`rankId`),`status`=VALUES(`status`),`hireDate`=VALUES(`hireDate`),`lastOnline`=VALUES(`lastOnline`),`updatedAt`=NOW();
INSERT INTO `Officer` (`id`,`badgeNumber`,`discordId`,`firstName`,`lastName`,`rankId`,`status`,`unit`,`units`,`flag`,`notes`,`hireDate`,`lastOnline`,`createdAt`,`updatedAt`) VALUES ('officer_144','144','1314650656858046556','Mark','Rumpe','rank_rookie','ACTIVE',NULL,JSON_ARRAY(),NULL,NULL,'2026-05-02 00:00:00','2026-06-13 16:48:00',NOW(),NOW()) ON DUPLICATE KEY UPDATE `badgeNumber`=VALUES(`badgeNumber`),`discordId`=VALUES(`discordId`),`firstName`=VALUES(`firstName`),`lastName`=VALUES(`lastName`),`rankId`=VALUES(`rankId`),`status`=VALUES(`status`),`hireDate`=VALUES(`hireDate`),`lastOnline`=VALUES(`lastOnline`),`updatedAt`=NOW();
INSERT INTO `Officer` (`id`,`badgeNumber`,`discordId`,`firstName`,`lastName`,`rankId`,`status`,`unit`,`units`,`flag`,`notes`,`hireDate`,`lastOnline`,`createdAt`,`updatedAt`) VALUES ('officer_149','149','1489742797400707123','Taides','Klein','rank_rookie','INACTIVE',NULL,JSON_ARRAY(),NULL,NULL,'2026-05-09 00:00:00','2026-05-19 18:43:00',NOW(),NOW()) ON DUPLICATE KEY UPDATE `badgeNumber`=VALUES(`badgeNumber`),`discordId`=VALUES(`discordId`),`firstName`=VALUES(`firstName`),`lastName`=VALUES(`lastName`),`rankId`=VALUES(`rankId`),`status`=VALUES(`status`),`hireDate`=VALUES(`hireDate`),`lastOnline`=VALUES(`lastOnline`),`updatedAt`=NOW();
INSERT INTO `Officer` (`id`,`badgeNumber`,`discordId`,`firstName`,`lastName`,`rankId`,`status`,`unit`,`units`,`flag`,`notes`,`hireDate`,`lastOnline`,`createdAt`,`updatedAt`) VALUES ('officer_150','150','1214835287474053124','Maxi','Milianus','rank_rookie','INACTIVE',NULL,JSON_ARRAY(),NULL,NULL,'2026-05-11 00:00:00','2026-06-02 19:42:00',NOW(),NOW()) ON DUPLICATE KEY UPDATE `badgeNumber`=VALUES(`badgeNumber`),`discordId`=VALUES(`discordId`),`firstName`=VALUES(`firstName`),`lastName`=VALUES(`lastName`),`rankId`=VALUES(`rankId`),`status`=VALUES(`status`),`hireDate`=VALUES(`hireDate`),`lastOnline`=VALUES(`lastOnline`),`updatedAt`=NOW();
INSERT INTO `Officer` (`id`,`badgeNumber`,`discordId`,`firstName`,`lastName`,`rankId`,`status`,`unit`,`units`,`flag`,`notes`,`hireDate`,`lastOnline`,`createdAt`,`updatedAt`) VALUES ('officer_151','151','1321580462942195775','Khabib','Kolov','rank_rookie','INACTIVE',NULL,JSON_ARRAY(),NULL,NULL,'2026-05-03 00:00:00','2026-05-19 18:43:00',NOW(),NOW()) ON DUPLICATE KEY UPDATE `badgeNumber`=VALUES(`badgeNumber`),`discordId`=VALUES(`discordId`),`firstName`=VALUES(`firstName`),`lastName`=VALUES(`lastName`),`rankId`=VALUES(`rankId`),`status`=VALUES(`status`),`hireDate`=VALUES(`hireDate`),`lastOnline`=VALUES(`lastOnline`),`updatedAt`=NOW();
INSERT INTO `Officer` (`id`,`badgeNumber`,`discordId`,`firstName`,`lastName`,`rankId`,`status`,`unit`,`units`,`flag`,`notes`,`hireDate`,`lastOnline`,`createdAt`,`updatedAt`) VALUES ('officer_152','152','1460966941236662395','Wadim','Volov','rank_rookie','INACTIVE',NULL,JSON_ARRAY(),NULL,NULL,'2026-05-03 00:00:00','2026-05-19 18:43:00',NOW(),NOW()) ON DUPLICATE KEY UPDATE `badgeNumber`=VALUES(`badgeNumber`),`discordId`=VALUES(`discordId`),`firstName`=VALUES(`firstName`),`lastName`=VALUES(`lastName`),`rankId`=VALUES(`rankId`),`status`=VALUES(`status`),`hireDate`=VALUES(`hireDate`),`lastOnline`=VALUES(`lastOnline`),`updatedAt`=NOW();
INSERT INTO `Officer` (`id`,`badgeNumber`,`discordId`,`firstName`,`lastName`,`rankId`,`status`,`unit`,`units`,`flag`,`notes`,`hireDate`,`lastOnline`,`createdAt`,`updatedAt`) VALUES ('officer_153','153','1213812213593280583','Albert','Schubrecht','rank_rookie','INACTIVE',NULL,JSON_ARRAY(),NULL,NULL,'2026-04-24 00:00:00','2026-05-19 18:43:00',NOW(),NOW()) ON DUPLICATE KEY UPDATE `badgeNumber`=VALUES(`badgeNumber`),`discordId`=VALUES(`discordId`),`firstName`=VALUES(`firstName`),`lastName`=VALUES(`lastName`),`rankId`=VALUES(`rankId`),`status`=VALUES(`status`),`hireDate`=VALUES(`hireDate`),`lastOnline`=VALUES(`lastOnline`),`updatedAt`=NOW();
INSERT INTO `Officer` (`id`,`badgeNumber`,`discordId`,`firstName`,`lastName`,`rankId`,`status`,`unit`,`units`,`flag`,`notes`,`hireDate`,`lastOnline`,`createdAt`,`updatedAt`) VALUES ('officer_154','154','923182292157997079','Franz','Maier','rank_rookie','INACTIVE',NULL,JSON_ARRAY(),NULL,NULL,'2026-05-11 00:00:00','2026-06-02 19:42:00',NOW(),NOW()) ON DUPLICATE KEY UPDATE `badgeNumber`=VALUES(`badgeNumber`),`discordId`=VALUES(`discordId`),`firstName`=VALUES(`firstName`),`lastName`=VALUES(`lastName`),`rankId`=VALUES(`rankId`),`status`=VALUES(`status`),`hireDate`=VALUES(`hireDate`),`lastOnline`=VALUES(`lastOnline`),`updatedAt`=NOW();
INSERT INTO `Officer` (`id`,`badgeNumber`,`discordId`,`firstName`,`lastName`,`rankId`,`status`,`unit`,`units`,`flag`,`notes`,`hireDate`,`lastOnline`,`createdAt`,`updatedAt`) VALUES ('officer_161','161','1249687316998656075','Max Mustermann [TEST','USER]','rank_rookie','INACTIVE',NULL,JSON_ARRAY(),NULL,NULL,'2026-05-07 00:00:00','2026-05-19 18:43:00',NOW(),NOW()) ON DUPLICATE KEY UPDATE `badgeNumber`=VALUES(`badgeNumber`),`discordId`=VALUES(`discordId`),`firstName`=VALUES(`firstName`),`lastName`=VALUES(`lastName`),`rankId`=VALUES(`rankId`),`status`=VALUES(`status`),`hireDate`=VALUES(`hireDate`),`lastOnline`=VALUES(`lastOnline`),`updatedAt`=NOW();
UPDATE `Officer` SET `badgeNumber` = LPAD(`badgeNumber`, 2, '0') WHERE `badgeNumber` REGEXP '^[0-9]$';

-- Dienstzeiten: pro Officer wird eine zusammengefasste Session aus "Woche" erzeugt. Auch 0m-Zeilen werden als 0-Minuten-Session gespeichert.
INSERT INTO `DutyTimeSession` (`id`,`officerId`,`clockInAt`,`clockOutAt`,`clockInSource`,`clockOutSource`,`actorDiscordId`,`activityCheckSentAt`,`activityCheckMessageId`,`activityCheckChannelId`,`activityConfirmedAt`,`autoClockedOut`,`createdAt`,`updatedAt`) VALUES ('duty_import_1_20260619','officer_1','2026-05-22 22:32:00','2026-05-22 22:32:00','csv-import','csv-import sessions=0 status=offline week=0m',NULL,NULL,NULL,NULL,NULL,FALSE,NOW(),NOW()) ON DUPLICATE KEY UPDATE `clockInAt`=VALUES(`clockInAt`),`clockOutAt`=VALUES(`clockOutAt`),`clockOutSource`=VALUES(`clockOutSource`),`updatedAt`=NOW();
INSERT INTO `DutyTimeSession` (`id`,`officerId`,`clockInAt`,`clockOutAt`,`clockInSource`,`clockOutSource`,`actorDiscordId`,`activityCheckSentAt`,`activityCheckMessageId`,`activityCheckChannelId`,`activityConfirmedAt`,`autoClockedOut`,`createdAt`,`updatedAt`) VALUES ('duty_import_2_20260619','officer_2','2026-05-19 18:43:00','2026-05-19 18:43:00','csv-import','csv-import sessions=0 status=offline week=0m',NULL,NULL,NULL,NULL,NULL,FALSE,NOW(),NOW()) ON DUPLICATE KEY UPDATE `clockInAt`=VALUES(`clockInAt`),`clockOutAt`=VALUES(`clockOutAt`),`clockOutSource`=VALUES(`clockOutSource`),`updatedAt`=NOW();
INSERT INTO `DutyTimeSession` (`id`,`officerId`,`clockInAt`,`clockOutAt`,`clockInSource`,`clockOutSource`,`actorDiscordId`,`activityCheckSentAt`,`activityCheckMessageId`,`activityCheckChannelId`,`activityConfirmedAt`,`autoClockedOut`,`createdAt`,`updatedAt`) VALUES ('duty_import_4_20260619','officer_4','2026-06-19 22:36:00','2026-06-20 01:44:00','csv-import','csv-import sessions=10 status=online week=3h 08m',NULL,NULL,NULL,NULL,NULL,FALSE,NOW(),NOW()) ON DUPLICATE KEY UPDATE `clockInAt`=VALUES(`clockInAt`),`clockOutAt`=VALUES(`clockOutAt`),`clockOutSource`=VALUES(`clockOutSource`),`updatedAt`=NOW();
INSERT INTO `DutyTimeSession` (`id`,`officerId`,`clockInAt`,`clockOutAt`,`clockInSource`,`clockOutSource`,`actorDiscordId`,`activityCheckSentAt`,`activityCheckMessageId`,`activityCheckChannelId`,`activityConfirmedAt`,`autoClockedOut`,`createdAt`,`updatedAt`) VALUES ('duty_import_5_20260619','officer_5','2026-06-19 18:28:00','2026-06-20 01:44:00','csv-import','csv-import sessions=12 status=online week=7h 16m',NULL,NULL,NULL,NULL,NULL,FALSE,NOW(),NOW()) ON DUPLICATE KEY UPDATE `clockInAt`=VALUES(`clockInAt`),`clockOutAt`=VALUES(`clockOutAt`),`clockOutSource`=VALUES(`clockOutSource`),`updatedAt`=NOW();
INSERT INTO `DutyTimeSession` (`id`,`officerId`,`clockInAt`,`clockOutAt`,`clockInSource`,`clockOutSource`,`actorDiscordId`,`activityCheckSentAt`,`activityCheckMessageId`,`activityCheckChannelId`,`activityConfirmedAt`,`autoClockedOut`,`createdAt`,`updatedAt`) VALUES ('duty_import_6_20260619','officer_6','2026-05-21 21:10:00','2026-05-21 21:10:00','csv-import','csv-import sessions=0 status=offline week=0m',NULL,NULL,NULL,NULL,NULL,FALSE,NOW(),NOW()) ON DUPLICATE KEY UPDATE `clockInAt`=VALUES(`clockInAt`),`clockOutAt`=VALUES(`clockOutAt`),`clockOutSource`=VALUES(`clockOutSource`),`updatedAt`=NOW();
INSERT INTO `DutyTimeSession` (`id`,`officerId`,`clockInAt`,`clockOutAt`,`clockInSource`,`clockOutSource`,`actorDiscordId`,`activityCheckSentAt`,`activityCheckMessageId`,`activityCheckChannelId`,`activityConfirmedAt`,`autoClockedOut`,`createdAt`,`updatedAt`) VALUES ('duty_import_8_20260619','officer_8','2026-05-19 18:43:00','2026-05-19 18:43:00','csv-import','csv-import sessions=0 status=offline week=0m',NULL,NULL,NULL,NULL,NULL,FALSE,NOW(),NOW()) ON DUPLICATE KEY UPDATE `clockInAt`=VALUES(`clockInAt`),`clockOutAt`=VALUES(`clockOutAt`),`clockOutSource`=VALUES(`clockOutSource`),`updatedAt`=NOW();
INSERT INTO `DutyTimeSession` (`id`,`officerId`,`clockInAt`,`clockOutAt`,`clockInSource`,`clockOutSource`,`actorDiscordId`,`activityCheckSentAt`,`activityCheckMessageId`,`activityCheckChannelId`,`activityConfirmedAt`,`autoClockedOut`,`createdAt`,`updatedAt`) VALUES ('duty_import_9_20260619','officer_9','2026-06-02 20:29:00','2026-06-02 20:29:00','csv-import','csv-import sessions=0 status=offline week=0m',NULL,NULL,NULL,NULL,NULL,FALSE,NOW(),NOW()) ON DUPLICATE KEY UPDATE `clockInAt`=VALUES(`clockInAt`),`clockOutAt`=VALUES(`clockOutAt`),`clockOutSource`=VALUES(`clockOutSource`),`updatedAt`=NOW();
INSERT INTO `DutyTimeSession` (`id`,`officerId`,`clockInAt`,`clockOutAt`,`clockInSource`,`clockOutSource`,`actorDiscordId`,`activityCheckSentAt`,`activityCheckMessageId`,`activityCheckChannelId`,`activityConfirmedAt`,`autoClockedOut`,`createdAt`,`updatedAt`) VALUES ('duty_import_10_20260619','officer_10','2026-05-20 16:07:00','2026-05-20 16:07:00','csv-import','csv-import sessions=0 status=offline week=0m',NULL,NULL,NULL,NULL,NULL,FALSE,NOW(),NOW()) ON DUPLICATE KEY UPDATE `clockInAt`=VALUES(`clockInAt`),`clockOutAt`=VALUES(`clockOutAt`),`clockOutSource`=VALUES(`clockOutSource`),`updatedAt`=NOW();
INSERT INTO `DutyTimeSession` (`id`,`officerId`,`clockInAt`,`clockOutAt`,`clockInSource`,`clockOutSource`,`actorDiscordId`,`activityCheckSentAt`,`activityCheckMessageId`,`activityCheckChannelId`,`activityConfirmedAt`,`autoClockedOut`,`createdAt`,`updatedAt`) VALUES ('duty_import_11_20260619','officer_11','2026-05-22 18:46:00','2026-05-22 18:46:00','csv-import','csv-import sessions=0 status=offline week=0m',NULL,NULL,NULL,NULL,NULL,FALSE,NOW(),NOW()) ON DUPLICATE KEY UPDATE `clockInAt`=VALUES(`clockInAt`),`clockOutAt`=VALUES(`clockOutAt`),`clockOutSource`=VALUES(`clockOutSource`),`updatedAt`=NOW();
INSERT INTO `DutyTimeSession` (`id`,`officerId`,`clockInAt`,`clockOutAt`,`clockInSource`,`clockOutSource`,`actorDiscordId`,`activityCheckSentAt`,`activityCheckMessageId`,`activityCheckChannelId`,`activityConfirmedAt`,`autoClockedOut`,`createdAt`,`updatedAt`) VALUES ('duty_import_20_20260619','officer_20','2026-06-13 19:35:00','2026-06-13 19:35:00','csv-import','csv-import sessions=0 status=offline week=0m',NULL,NULL,NULL,NULL,NULL,FALSE,NOW(),NOW()) ON DUPLICATE KEY UPDATE `clockInAt`=VALUES(`clockInAt`),`clockOutAt`=VALUES(`clockOutAt`),`clockOutSource`=VALUES(`clockOutSource`),`updatedAt`=NOW();
INSERT INTO `DutyTimeSession` (`id`,`officerId`,`clockInAt`,`clockOutAt`,`clockInSource`,`clockOutSource`,`actorDiscordId`,`activityCheckSentAt`,`activityCheckMessageId`,`activityCheckChannelId`,`activityConfirmedAt`,`autoClockedOut`,`createdAt`,`updatedAt`) VALUES ('duty_import_21_20260619','officer_21','2026-06-02 19:23:00','2026-06-02 19:23:00','csv-import','csv-import sessions=0 status=offline week=0m',NULL,NULL,NULL,NULL,NULL,FALSE,NOW(),NOW()) ON DUPLICATE KEY UPDATE `clockInAt`=VALUES(`clockInAt`),`clockOutAt`=VALUES(`clockOutAt`),`clockOutSource`=VALUES(`clockOutSource`),`updatedAt`=NOW();
INSERT INTO `DutyTimeSession` (`id`,`officerId`,`clockInAt`,`clockOutAt`,`clockInSource`,`clockOutSource`,`actorDiscordId`,`activityCheckSentAt`,`activityCheckMessageId`,`activityCheckChannelId`,`activityConfirmedAt`,`autoClockedOut`,`createdAt`,`updatedAt`) VALUES ('duty_import_22_20260619','officer_22','2026-06-15 00:00:00','2026-06-15 13:51:00','csv-import','csv-import sessions=1 status=offline week=13h 51m',NULL,NULL,NULL,NULL,NULL,FALSE,NOW(),NOW()) ON DUPLICATE KEY UPDATE `clockInAt`=VALUES(`clockInAt`),`clockOutAt`=VALUES(`clockOutAt`),`clockOutSource`=VALUES(`clockOutSource`),`updatedAt`=NOW();
INSERT INTO `DutyTimeSession` (`id`,`officerId`,`clockInAt`,`clockOutAt`,`clockInSource`,`clockOutSource`,`actorDiscordId`,`activityCheckSentAt`,`activityCheckMessageId`,`activityCheckChannelId`,`activityConfirmedAt`,`autoClockedOut`,`createdAt`,`updatedAt`) VALUES ('duty_import_40_20260619','officer_40','2026-06-18 19:04:00','2026-06-19 16:37:00','csv-import','csv-import sessions=18 status=offline week=21h 33m',NULL,NULL,NULL,NULL,NULL,FALSE,NOW(),NOW()) ON DUPLICATE KEY UPDATE `clockInAt`=VALUES(`clockInAt`),`clockOutAt`=VALUES(`clockOutAt`),`clockOutSource`=VALUES(`clockOutSource`),`updatedAt`=NOW();
INSERT INTO `DutyTimeSession` (`id`,`officerId`,`clockInAt`,`clockOutAt`,`clockInSource`,`clockOutSource`,`actorDiscordId`,`activityCheckSentAt`,`activityCheckMessageId`,`activityCheckChannelId`,`activityConfirmedAt`,`autoClockedOut`,`createdAt`,`updatedAt`) VALUES ('duty_import_44_20260619','officer_44','2026-05-19 18:43:00','2026-05-19 18:43:00','csv-import','csv-import sessions=0 status=offline week=0m',NULL,NULL,NULL,NULL,NULL,FALSE,NOW(),NOW()) ON DUPLICATE KEY UPDATE `clockInAt`=VALUES(`clockInAt`),`clockOutAt`=VALUES(`clockOutAt`),`clockOutSource`=VALUES(`clockOutSource`),`updatedAt`=NOW();
INSERT INTO `DutyTimeSession` (`id`,`officerId`,`clockInAt`,`clockOutAt`,`clockInSource`,`clockOutSource`,`actorDiscordId`,`activityCheckSentAt`,`activityCheckMessageId`,`activityCheckChannelId`,`activityConfirmedAt`,`autoClockedOut`,`createdAt`,`updatedAt`) VALUES ('duty_import_50_20260619','officer_50','2026-05-19 21:32:00','2026-05-19 21:32:00','csv-import','csv-import sessions=0 status=offline week=0m',NULL,NULL,NULL,NULL,NULL,FALSE,NOW(),NOW()) ON DUPLICATE KEY UPDATE `clockInAt`=VALUES(`clockInAt`),`clockOutAt`=VALUES(`clockOutAt`),`clockOutSource`=VALUES(`clockOutSource`),`updatedAt`=NOW();
INSERT INTO `DutyTimeSession` (`id`,`officerId`,`clockInAt`,`clockOutAt`,`clockInSource`,`clockOutSource`,`actorDiscordId`,`activityCheckSentAt`,`activityCheckMessageId`,`activityCheckChannelId`,`activityConfirmedAt`,`autoClockedOut`,`createdAt`,`updatedAt`) VALUES ('duty_import_51_20260619','officer_51','2026-05-19 18:43:00','2026-05-19 18:43:00','csv-import','csv-import sessions=0 status=offline week=0m',NULL,NULL,NULL,NULL,NULL,FALSE,NOW(),NOW()) ON DUPLICATE KEY UPDATE `clockInAt`=VALUES(`clockInAt`),`clockOutAt`=VALUES(`clockOutAt`),`clockOutSource`=VALUES(`clockOutSource`),`updatedAt`=NOW();
INSERT INTO `DutyTimeSession` (`id`,`officerId`,`clockInAt`,`clockOutAt`,`clockInSource`,`clockOutSource`,`actorDiscordId`,`activityCheckSentAt`,`activityCheckMessageId`,`activityCheckChannelId`,`activityConfirmedAt`,`autoClockedOut`,`createdAt`,`updatedAt`) VALUES ('duty_import_54_20260619','officer_54','2026-06-14 22:05:00','2026-06-14 22:05:00','csv-import','csv-import sessions=0 status=offline week=0m',NULL,NULL,NULL,NULL,NULL,FALSE,NOW(),NOW()) ON DUPLICATE KEY UPDATE `clockInAt`=VALUES(`clockInAt`),`clockOutAt`=VALUES(`clockOutAt`),`clockOutSource`=VALUES(`clockOutSource`),`updatedAt`=NOW();
INSERT INTO `DutyTimeSession` (`id`,`officerId`,`clockInAt`,`clockOutAt`,`clockInSource`,`clockOutSource`,`actorDiscordId`,`activityCheckSentAt`,`activityCheckMessageId`,`activityCheckChannelId`,`activityConfirmedAt`,`autoClockedOut`,`createdAt`,`updatedAt`) VALUES ('duty_import_91_20260619','officer_91','2026-05-19 18:43:00','2026-05-19 18:43:00','csv-import','csv-import sessions=0 status=offline week=0m',NULL,NULL,NULL,NULL,NULL,FALSE,NOW(),NOW()) ON DUPLICATE KEY UPDATE `clockInAt`=VALUES(`clockInAt`),`clockOutAt`=VALUES(`clockOutAt`),`clockOutSource`=VALUES(`clockOutSource`),`updatedAt`=NOW();
INSERT INTO `DutyTimeSession` (`id`,`officerId`,`clockInAt`,`clockOutAt`,`clockInSource`,`clockOutSource`,`actorDiscordId`,`activityCheckSentAt`,`activityCheckMessageId`,`activityCheckChannelId`,`activityConfirmedAt`,`autoClockedOut`,`createdAt`,`updatedAt`) VALUES ('duty_import_92_20260619','officer_92','2026-05-23 12:09:00','2026-05-23 12:09:00','csv-import','csv-import sessions=0 status=offline week=0m',NULL,NULL,NULL,NULL,NULL,FALSE,NOW(),NOW()) ON DUPLICATE KEY UPDATE `clockInAt`=VALUES(`clockInAt`),`clockOutAt`=VALUES(`clockOutAt`),`clockOutSource`=VALUES(`clockOutSource`),`updatedAt`=NOW();
INSERT INTO `DutyTimeSession` (`id`,`officerId`,`clockInAt`,`clockOutAt`,`clockInSource`,`clockOutSource`,`actorDiscordId`,`activityCheckSentAt`,`activityCheckMessageId`,`activityCheckChannelId`,`activityConfirmedAt`,`autoClockedOut`,`createdAt`,`updatedAt`) VALUES ('duty_import_93_20260619','officer_93','2026-06-20 00:18:00','2026-06-20 01:04:00','csv-import','csv-import sessions=2 status=offline week=46m',NULL,NULL,NULL,NULL,NULL,FALSE,NOW(),NOW()) ON DUPLICATE KEY UPDATE `clockInAt`=VALUES(`clockInAt`),`clockOutAt`=VALUES(`clockOutAt`),`clockOutSource`=VALUES(`clockOutSource`),`updatedAt`=NOW();
INSERT INTO `DutyTimeSession` (`id`,`officerId`,`clockInAt`,`clockOutAt`,`clockInSource`,`clockOutSource`,`actorDiscordId`,`activityCheckSentAt`,`activityCheckMessageId`,`activityCheckChannelId`,`activityConfirmedAt`,`autoClockedOut`,`createdAt`,`updatedAt`) VALUES ('duty_import_98_20260619','officer_98','2026-06-14 21:44:00','2026-06-14 21:44:00','csv-import','csv-import sessions=0 status=offline week=0m',NULL,NULL,NULL,NULL,NULL,FALSE,NOW(),NOW()) ON DUPLICATE KEY UPDATE `clockInAt`=VALUES(`clockInAt`),`clockOutAt`=VALUES(`clockOutAt`),`clockOutSource`=VALUES(`clockOutSource`),`updatedAt`=NOW();
INSERT INTO `DutyTimeSession` (`id`,`officerId`,`clockInAt`,`clockOutAt`,`clockInSource`,`clockOutSource`,`actorDiscordId`,`activityCheckSentAt`,`activityCheckMessageId`,`activityCheckChannelId`,`activityConfirmedAt`,`autoClockedOut`,`createdAt`,`updatedAt`) VALUES ('duty_import_116_20260619','officer_116','2026-05-19 21:53:00','2026-05-19 21:53:00','csv-import','csv-import sessions=0 status=offline week=0m',NULL,NULL,NULL,NULL,NULL,FALSE,NOW(),NOW()) ON DUPLICATE KEY UPDATE `clockInAt`=VALUES(`clockInAt`),`clockOutAt`=VALUES(`clockOutAt`),`clockOutSource`=VALUES(`clockOutSource`),`updatedAt`=NOW();
INSERT INTO `DutyTimeSession` (`id`,`officerId`,`clockInAt`,`clockOutAt`,`clockInSource`,`clockOutSource`,`actorDiscordId`,`activityCheckSentAt`,`activityCheckMessageId`,`activityCheckChannelId`,`activityConfirmedAt`,`autoClockedOut`,`createdAt`,`updatedAt`) VALUES ('duty_import_117_20260619','officer_117','2026-05-24 10:22:00','2026-05-24 10:22:00','csv-import','csv-import sessions=0 status=offline week=0m',NULL,NULL,NULL,NULL,NULL,FALSE,NOW(),NOW()) ON DUPLICATE KEY UPDATE `clockInAt`=VALUES(`clockInAt`),`clockOutAt`=VALUES(`clockOutAt`),`clockOutSource`=VALUES(`clockOutSource`),`updatedAt`=NOW();
INSERT INTO `DutyTimeSession` (`id`,`officerId`,`clockInAt`,`clockOutAt`,`clockInSource`,`clockOutSource`,`actorDiscordId`,`activityCheckSentAt`,`activityCheckMessageId`,`activityCheckChannelId`,`activityConfirmedAt`,`autoClockedOut`,`createdAt`,`updatedAt`) VALUES ('duty_import_118_20260619','officer_118','2026-05-19 18:43:00','2026-05-19 18:43:00','csv-import','csv-import sessions=0 status=offline week=0m',NULL,NULL,NULL,NULL,NULL,FALSE,NOW(),NOW()) ON DUPLICATE KEY UPDATE `clockInAt`=VALUES(`clockInAt`),`clockOutAt`=VALUES(`clockOutAt`),`clockOutSource`=VALUES(`clockOutSource`),`updatedAt`=NOW();
INSERT INTO `DutyTimeSession` (`id`,`officerId`,`clockInAt`,`clockOutAt`,`clockInSource`,`clockOutSource`,`actorDiscordId`,`activityCheckSentAt`,`activityCheckMessageId`,`activityCheckChannelId`,`activityConfirmedAt`,`autoClockedOut`,`createdAt`,`updatedAt`) VALUES ('duty_import_121_20260619','officer_121','2026-05-19 18:43:00','2026-05-19 18:43:00','csv-import','csv-import sessions=0 status=offline week=0m',NULL,NULL,NULL,NULL,NULL,FALSE,NOW(),NOW()) ON DUPLICATE KEY UPDATE `clockInAt`=VALUES(`clockInAt`),`clockOutAt`=VALUES(`clockOutAt`),`clockOutSource`=VALUES(`clockOutSource`),`updatedAt`=NOW();
INSERT INTO `DutyTimeSession` (`id`,`officerId`,`clockInAt`,`clockOutAt`,`clockInSource`,`clockOutSource`,`actorDiscordId`,`activityCheckSentAt`,`activityCheckMessageId`,`activityCheckChannelId`,`activityConfirmedAt`,`autoClockedOut`,`createdAt`,`updatedAt`) VALUES ('duty_import_147_20260619','officer_147','2026-06-03 19:04:00','2026-06-03 19:04:00','csv-import','csv-import sessions=0 status=offline week=0m',NULL,NULL,NULL,NULL,NULL,FALSE,NOW(),NOW()) ON DUPLICATE KEY UPDATE `clockInAt`=VALUES(`clockInAt`),`clockOutAt`=VALUES(`clockOutAt`),`clockOutSource`=VALUES(`clockOutSource`),`updatedAt`=NOW();
INSERT INTO `DutyTimeSession` (`id`,`officerId`,`clockInAt`,`clockOutAt`,`clockInSource`,`clockOutSource`,`actorDiscordId`,`activityCheckSentAt`,`activityCheckMessageId`,`activityCheckChannelId`,`activityConfirmedAt`,`autoClockedOut`,`createdAt`,`updatedAt`) VALUES ('duty_import_130_20260619','officer_130','2026-05-31 20:22:00','2026-05-31 20:22:00','csv-import','csv-import sessions=0 status=offline week=0m',NULL,NULL,NULL,NULL,NULL,FALSE,NOW(),NOW()) ON DUPLICATE KEY UPDATE `clockInAt`=VALUES(`clockInAt`),`clockOutAt`=VALUES(`clockOutAt`),`clockOutSource`=VALUES(`clockOutSource`),`updatedAt`=NOW();
INSERT INTO `DutyTimeSession` (`id`,`officerId`,`clockInAt`,`clockOutAt`,`clockInSource`,`clockOutSource`,`actorDiscordId`,`activityCheckSentAt`,`activityCheckMessageId`,`activityCheckChannelId`,`activityConfirmedAt`,`autoClockedOut`,`createdAt`,`updatedAt`) VALUES ('duty_import_131_20260619','officer_131','2026-05-23 23:22:00','2026-05-23 23:22:00','csv-import','csv-import sessions=0 status=offline week=0m',NULL,NULL,NULL,NULL,NULL,FALSE,NOW(),NOW()) ON DUPLICATE KEY UPDATE `clockInAt`=VALUES(`clockInAt`),`clockOutAt`=VALUES(`clockOutAt`),`clockOutSource`=VALUES(`clockOutSource`),`updatedAt`=NOW();
INSERT INTO `DutyTimeSession` (`id`,`officerId`,`clockInAt`,`clockOutAt`,`clockInSource`,`clockOutSource`,`actorDiscordId`,`activityCheckSentAt`,`activityCheckMessageId`,`activityCheckChannelId`,`activityConfirmedAt`,`autoClockedOut`,`createdAt`,`updatedAt`) VALUES ('duty_import_132_20260619','officer_132','2026-05-19 18:43:00','2026-05-19 18:43:00','csv-import','csv-import sessions=0 status=offline week=0m',NULL,NULL,NULL,NULL,NULL,FALSE,NOW(),NOW()) ON DUPLICATE KEY UPDATE `clockInAt`=VALUES(`clockInAt`),`clockOutAt`=VALUES(`clockOutAt`),`clockOutSource`=VALUES(`clockOutSource`),`updatedAt`=NOW();
INSERT INTO `DutyTimeSession` (`id`,`officerId`,`clockInAt`,`clockOutAt`,`clockInSource`,`clockOutSource`,`actorDiscordId`,`activityCheckSentAt`,`activityCheckMessageId`,`activityCheckChannelId`,`activityConfirmedAt`,`autoClockedOut`,`createdAt`,`updatedAt`) VALUES ('duty_import_141_20260619','officer_141','2026-05-19 18:43:00','2026-05-19 18:43:00','csv-import','csv-import sessions=0 status=offline week=0m',NULL,NULL,NULL,NULL,NULL,FALSE,NOW(),NOW()) ON DUPLICATE KEY UPDATE `clockInAt`=VALUES(`clockInAt`),`clockOutAt`=VALUES(`clockOutAt`),`clockOutSource`=VALUES(`clockOutSource`),`updatedAt`=NOW();
INSERT INTO `DutyTimeSession` (`id`,`officerId`,`clockInAt`,`clockOutAt`,`clockInSource`,`clockOutSource`,`actorDiscordId`,`activityCheckSentAt`,`activityCheckMessageId`,`activityCheckChannelId`,`activityConfirmedAt`,`autoClockedOut`,`createdAt`,`updatedAt`) VALUES ('duty_import_144_20260619','officer_144','2026-06-13 16:48:00','2026-06-13 16:48:00','csv-import','csv-import sessions=0 status=offline week=0m',NULL,NULL,NULL,NULL,NULL,FALSE,NOW(),NOW()) ON DUPLICATE KEY UPDATE `clockInAt`=VALUES(`clockInAt`),`clockOutAt`=VALUES(`clockOutAt`),`clockOutSource`=VALUES(`clockOutSource`),`updatedAt`=NOW();
INSERT INTO `DutyTimeSession` (`id`,`officerId`,`clockInAt`,`clockOutAt`,`clockInSource`,`clockOutSource`,`actorDiscordId`,`activityCheckSentAt`,`activityCheckMessageId`,`activityCheckChannelId`,`activityConfirmedAt`,`autoClockedOut`,`createdAt`,`updatedAt`) VALUES ('duty_import_149_20260619','officer_149','2026-05-19 18:43:00','2026-05-19 18:43:00','csv-import','csv-import sessions=0 status=offline week=0m',NULL,NULL,NULL,NULL,NULL,FALSE,NOW(),NOW()) ON DUPLICATE KEY UPDATE `clockInAt`=VALUES(`clockInAt`),`clockOutAt`=VALUES(`clockOutAt`),`clockOutSource`=VALUES(`clockOutSource`),`updatedAt`=NOW();
INSERT INTO `DutyTimeSession` (`id`,`officerId`,`clockInAt`,`clockOutAt`,`clockInSource`,`clockOutSource`,`actorDiscordId`,`activityCheckSentAt`,`activityCheckMessageId`,`activityCheckChannelId`,`activityConfirmedAt`,`autoClockedOut`,`createdAt`,`updatedAt`) VALUES ('duty_import_150_20260619','officer_150','2026-06-02 19:42:00','2026-06-02 19:42:00','csv-import','csv-import sessions=0 status=offline week=0m',NULL,NULL,NULL,NULL,NULL,FALSE,NOW(),NOW()) ON DUPLICATE KEY UPDATE `clockInAt`=VALUES(`clockInAt`),`clockOutAt`=VALUES(`clockOutAt`),`clockOutSource`=VALUES(`clockOutSource`),`updatedAt`=NOW();
INSERT INTO `DutyTimeSession` (`id`,`officerId`,`clockInAt`,`clockOutAt`,`clockInSource`,`clockOutSource`,`actorDiscordId`,`activityCheckSentAt`,`activityCheckMessageId`,`activityCheckChannelId`,`activityConfirmedAt`,`autoClockedOut`,`createdAt`,`updatedAt`) VALUES ('duty_import_151_20260619','officer_151','2026-05-19 18:43:00','2026-05-19 18:43:00','csv-import','csv-import sessions=0 status=offline week=0m',NULL,NULL,NULL,NULL,NULL,FALSE,NOW(),NOW()) ON DUPLICATE KEY UPDATE `clockInAt`=VALUES(`clockInAt`),`clockOutAt`=VALUES(`clockOutAt`),`clockOutSource`=VALUES(`clockOutSource`),`updatedAt`=NOW();
INSERT INTO `DutyTimeSession` (`id`,`officerId`,`clockInAt`,`clockOutAt`,`clockInSource`,`clockOutSource`,`actorDiscordId`,`activityCheckSentAt`,`activityCheckMessageId`,`activityCheckChannelId`,`activityConfirmedAt`,`autoClockedOut`,`createdAt`,`updatedAt`) VALUES ('duty_import_152_20260619','officer_152','2026-05-19 18:43:00','2026-05-19 18:43:00','csv-import','csv-import sessions=0 status=offline week=0m',NULL,NULL,NULL,NULL,NULL,FALSE,NOW(),NOW()) ON DUPLICATE KEY UPDATE `clockInAt`=VALUES(`clockInAt`),`clockOutAt`=VALUES(`clockOutAt`),`clockOutSource`=VALUES(`clockOutSource`),`updatedAt`=NOW();
INSERT INTO `DutyTimeSession` (`id`,`officerId`,`clockInAt`,`clockOutAt`,`clockInSource`,`clockOutSource`,`actorDiscordId`,`activityCheckSentAt`,`activityCheckMessageId`,`activityCheckChannelId`,`activityConfirmedAt`,`autoClockedOut`,`createdAt`,`updatedAt`) VALUES ('duty_import_153_20260619','officer_153','2026-05-19 18:43:00','2026-05-19 18:43:00','csv-import','csv-import sessions=0 status=offline week=0m',NULL,NULL,NULL,NULL,NULL,FALSE,NOW(),NOW()) ON DUPLICATE KEY UPDATE `clockInAt`=VALUES(`clockInAt`),`clockOutAt`=VALUES(`clockOutAt`),`clockOutSource`=VALUES(`clockOutSource`),`updatedAt`=NOW();
INSERT INTO `DutyTimeSession` (`id`,`officerId`,`clockInAt`,`clockOutAt`,`clockInSource`,`clockOutSource`,`actorDiscordId`,`activityCheckSentAt`,`activityCheckMessageId`,`activityCheckChannelId`,`activityConfirmedAt`,`autoClockedOut`,`createdAt`,`updatedAt`) VALUES ('duty_import_154_20260619','officer_154','2026-06-02 19:42:00','2026-06-02 19:42:00','csv-import','csv-import sessions=0 status=offline week=0m',NULL,NULL,NULL,NULL,NULL,FALSE,NOW(),NOW()) ON DUPLICATE KEY UPDATE `clockInAt`=VALUES(`clockInAt`),`clockOutAt`=VALUES(`clockOutAt`),`clockOutSource`=VALUES(`clockOutSource`),`updatedAt`=NOW();
INSERT INTO `DutyTimeSession` (`id`,`officerId`,`clockInAt`,`clockOutAt`,`clockInSource`,`clockOutSource`,`actorDiscordId`,`activityCheckSentAt`,`activityCheckMessageId`,`activityCheckChannelId`,`activityConfirmedAt`,`autoClockedOut`,`createdAt`,`updatedAt`) VALUES ('duty_import_161_20260619','officer_161','2026-05-19 18:43:00','2026-05-19 18:43:00','csv-import','csv-import sessions=0 status=offline week=0m',NULL,NULL,NULL,NULL,NULL,FALSE,NOW(),NOW()) ON DUPLICATE KEY UPDATE `clockInAt`=VALUES(`clockInAt`),`clockOutAt`=VALUES(`clockOutAt`),`clockOutSource`=VALUES(`clockOutSource`),`updatedAt`=NOW();
-- Übersprungene Dienstzeit-Zeilen: 0

-- Rangwechsel / PromotionLog. Einträge zu entfernten TERMINATED Officers werden übersprungen.
INSERT INTO `PromotionLog` (`id`,`officerId`,`oldRankId`,`newRankId`,`oldBadgeNumber`,`newBadgeNumber`,`performedByUserId`,`note`,`createdAt`) VALUES ('promo_import_028da26847090dfe','officer_91','rank_officer_1','rank_officer_2','115','91',NULL,'[Beförderungen 17.05.2026] hat sich den uprank verdient, fleißig, aktiv
Durchgeführt von: [LSPD-04] Dr. Emin Perez','2026-05-20 08:54:00') ON DUPLICATE KEY UPDATE `oldRankId`=VALUES(`oldRankId`),`newRankId`=VALUES(`newRankId`),`oldBadgeNumber`=VALUES(`oldBadgeNumber`),`newBadgeNumber`=VALUES(`newBadgeNumber`),`note`=VALUES(`note`);
INSERT INTO `PromotionLog` (`id`,`officerId`,`oldRankId`,`newRankId`,`oldBadgeNumber`,`newBadgeNumber`,`performedByUserId`,`note`,`createdAt`) VALUES ('promo_import_ea7e92c73fb9c005','officer_92','rank_officer_1','rank_officer_2','113','92',NULL,'[Beförderungen 17.05.2026]
Durchgeführt von: [LSPD-04] Dr. Emin Perez','2026-05-20 08:54:00') ON DUPLICATE KEY UPDATE `oldRankId`=VALUES(`oldRankId`),`newRankId`=VALUES(`newRankId`),`oldBadgeNumber`=VALUES(`oldBadgeNumber`),`newBadgeNumber`=VALUES(`newBadgeNumber`),`note`=VALUES(`note`);
INSERT INTO `PromotionLog` (`id`,`officerId`,`oldRankId`,`newRankId`,`oldBadgeNumber`,`newBadgeNumber`,`performedByUserId`,`note`,`createdAt`) VALUES ('promo_import_2f4f9503f75556d5','officer_50','rank_officer_3','rank_senior_officer','71','50',NULL,'[Beförderungen 17.05.2026] aktiv und fleißig
Durchgeführt von: [LSPD-04] Dr. Emin Perez','2026-05-18 17:46:00') ON DUPLICATE KEY UPDATE `oldRankId`=VALUES(`oldRankId`),`newRankId`=VALUES(`newRankId`),`oldBadgeNumber`=VALUES(`oldBadgeNumber`),`newBadgeNumber`=VALUES(`newBadgeNumber`),`note`=VALUES(`note`);
INSERT INTO `PromotionLog` (`id`,`officerId`,`oldRankId`,`newRankId`,`oldBadgeNumber`,`newBadgeNumber`,`performedByUserId`,`note`,`createdAt`) VALUES ('promo_import_a2bdcd304e0fa388','officer_11','rank_lieutenant_1','rank_lieutenant_2','23','11',NULL,'Verschiebung (Roster)
Durchgeführt von: [LSPD-04] Dr. Emin Perez','2026-05-17 23:40:00') ON DUPLICATE KEY UPDATE `oldRankId`=VALUES(`oldRankId`),`newRankId`=VALUES(`newRankId`),`oldBadgeNumber`=VALUES(`oldBadgeNumber`),`newBadgeNumber`=VALUES(`newBadgeNumber`),`note`=VALUES(`note`);
INSERT INTO `PromotionLog` (`id`,`officerId`,`oldRankId`,`newRankId`,`oldBadgeNumber`,`newBadgeNumber`,`performedByUserId`,`note`,`createdAt`) VALUES ('promo_import_fd88bbdd331a5d26','officer_8','rank_lieutenant_2','rank_captain_of_lspd','11','8',NULL,'Verschiebung (Roster)
Durchgeführt von: [LSPD-04] Dr. Emin Perez','2026-05-17 23:40:00') ON DUPLICATE KEY UPDATE `oldRankId`=VALUES(`oldRankId`),`newRankId`=VALUES(`newRankId`),`oldBadgeNumber`=VALUES(`oldBadgeNumber`),`newBadgeNumber`=VALUES(`newBadgeNumber`),`note`=VALUES(`note`);
INSERT INTO `PromotionLog` (`id`,`officerId`,`oldRankId`,`newRankId`,`oldBadgeNumber`,`newBadgeNumber`,`performedByUserId`,`note`,`createdAt`) VALUES ('promo_import_a45b6addff62f451','officer_11','rank_captain_of_lspd','rank_lieutenant_2','8','11',NULL,'Verschiebung (Roster)
Durchgeführt von: [LSPD-04] Dr. Emin Perez','2026-05-17 23:37:00') ON DUPLICATE KEY UPDATE `oldRankId`=VALUES(`oldRankId`),`newRankId`=VALUES(`newRankId`),`oldBadgeNumber`=VALUES(`oldBadgeNumber`),`newBadgeNumber`=VALUES(`newBadgeNumber`),`note`=VALUES(`note`);
INSERT INTO `PromotionLog` (`id`,`officerId`,`oldRankId`,`newRankId`,`oldBadgeNumber`,`newBadgeNumber`,`performedByUserId`,`note`,`createdAt`) VALUES ('promo_import_de455173956ab79a','officer_118','rank_rookie','rank_officer_1','133','118',NULL,'Verschiebung (Roster)
Durchgeführt von: [LSPD-04] Dr. Emin Perez','2026-05-17 23:36:00') ON DUPLICATE KEY UPDATE `oldRankId`=VALUES(`oldRankId`),`newRankId`=VALUES(`newRankId`),`oldBadgeNumber`=VALUES(`oldBadgeNumber`),`newBadgeNumber`=VALUES(`newBadgeNumber`),`note`=VALUES(`note`);
INSERT INTO `PromotionLog` (`id`,`officerId`,`oldRankId`,`newRankId`,`oldBadgeNumber`,`newBadgeNumber`,`performedByUserId`,`note`,`createdAt`) VALUES ('promo_import_d481e0d7ed0fcf00','officer_8','rank_lieutenant_2','rank_captain_of_lspd','11','8',NULL,'Verschiebung (Roster)
Durchgeführt von: [LSPD-08] Riccardo Izza','2026-05-17 23:36:00') ON DUPLICATE KEY UPDATE `oldRankId`=VALUES(`oldRankId`),`newRankId`=VALUES(`newRankId`),`oldBadgeNumber`=VALUES(`oldBadgeNumber`),`newBadgeNumber`=VALUES(`newBadgeNumber`),`note`=VALUES(`note`);
INSERT INTO `PromotionLog` (`id`,`officerId`,`oldRankId`,`newRankId`,`oldBadgeNumber`,`newBadgeNumber`,`performedByUserId`,`note`,`createdAt`) VALUES ('promo_import_d66e4749f7352829','officer_11','rank_captain_of_lspd','rank_lieutenant_1','8','23',NULL,'[Degradierungen 24.05.2026] Freiwillig
Durchgeführt von: [LSPD-04] Dr. Emin Perez','2026-05-17 23:34:00') ON DUPLICATE KEY UPDATE `oldRankId`=VALUES(`oldRankId`),`newRankId`=VALUES(`newRankId`),`oldBadgeNumber`=VALUES(`oldBadgeNumber`),`newBadgeNumber`=VALUES(`newBadgeNumber`),`note`=VALUES(`note`);
INSERT INTO `PromotionLog` (`id`,`officerId`,`oldRankId`,`newRankId`,`oldBadgeNumber`,`newBadgeNumber`,`performedByUserId`,`note`,`createdAt`) VALUES ('promo_import_6a1037056d7d01e6','officer_51','rank_officer_3','rank_senior_officer','73','51',NULL,'[Beförderungen 17.05.2026] fleißig und aktiv
Durchgeführt von: [LSPD-04] Dr. Emin Perez','2026-05-17 21:58:00') ON DUPLICATE KEY UPDATE `oldRankId`=VALUES(`oldRankId`),`newRankId`=VALUES(`newRankId`),`oldBadgeNumber`=VALUES(`oldBadgeNumber`),`newBadgeNumber`=VALUES(`newBadgeNumber`),`note`=VALUES(`note`);
INSERT INTO `PromotionLog` (`id`,`officerId`,`oldRankId`,`newRankId`,`oldBadgeNumber`,`newBadgeNumber`,`performedByUserId`,`note`,`createdAt`) VALUES ('promo_import_7df272dbcfdd5598','officer_93','rank_officer_1','rank_officer_2','118','93',NULL,'[Beförderungen 17.05.2026]
Durchgeführt von: [LSPD-04] Dr. Emin Perez','2026-05-17 21:57:00') ON DUPLICATE KEY UPDATE `oldRankId`=VALUES(`oldRankId`),`newRankId`=VALUES(`newRankId`),`oldBadgeNumber`=VALUES(`oldBadgeNumber`),`newBadgeNumber`=VALUES(`newBadgeNumber`),`note`=VALUES(`note`);
INSERT INTO `PromotionLog` (`id`,`officerId`,`oldRankId`,`newRankId`,`oldBadgeNumber`,`newBadgeNumber`,`performedByUserId`,`note`,`createdAt`) VALUES ('promo_import_32acd062d78e1dcd','officer_116','rank_rookie','rank_officer_1','142','116',NULL,'[Beförderungen 17.05.2026]
Durchgeführt von: [LSPD-04] Dr. Emin Perez','2026-05-17 21:57:00') ON DUPLICATE KEY UPDATE `oldRankId`=VALUES(`oldRankId`),`newRankId`=VALUES(`newRankId`),`oldBadgeNumber`=VALUES(`oldBadgeNumber`),`newBadgeNumber`=VALUES(`newBadgeNumber`),`note`=VALUES(`note`);
INSERT INTO `PromotionLog` (`id`,`officerId`,`oldRankId`,`newRankId`,`oldBadgeNumber`,`newBadgeNumber`,`performedByUserId`,`note`,`createdAt`) VALUES ('promo_import_731341a69b6a2737','officer_20','rank_sergeant_2','rank_lieutenant_1','31','20',NULL,'[Beförderungen 17.05.2026] sehr freundlich und zuvorkommend, hat den uprank verdient
Durchgeführt von: [LSPD-04] Dr. Emin Perez','2026-05-17 21:56:00') ON DUPLICATE KEY UPDATE `oldRankId`=VALUES(`oldRankId`),`newRankId`=VALUES(`newRankId`),`oldBadgeNumber`=VALUES(`oldBadgeNumber`),`newBadgeNumber`=VALUES(`newBadgeNumber`),`note`=VALUES(`note`);
INSERT INTO `PromotionLog` (`id`,`officerId`,`oldRankId`,`newRankId`,`oldBadgeNumber`,`newBadgeNumber`,`performedByUserId`,`note`,`createdAt`) VALUES ('promo_import_531bcf72e368dbd9','officer_121','rank_rookie','rank_officer_1','143','121',NULL,'[Beförderungen 17.05.2026] GAB + Aktenausbildung bestanden + Aktiv
Durchgeführt von: [LSPD-04] Dr. Emin Perez','2026-05-17 21:56:00') ON DUPLICATE KEY UPDATE `oldRankId`=VALUES(`oldRankId`),`newRankId`=VALUES(`newRankId`),`oldBadgeNumber`=VALUES(`oldBadgeNumber`),`newBadgeNumber`=VALUES(`newBadgeNumber`),`note`=VALUES(`note`);
INSERT INTO `PromotionLog` (`id`,`officerId`,`oldRankId`,`newRankId`,`oldBadgeNumber`,`newBadgeNumber`,`performedByUserId`,`note`,`createdAt`) VALUES ('promo_import_2e70999141051267','officer_54','rank_officer_3','rank_senior_officer','70','54',NULL,'[Beförderungen 17.05.2026] besonders aktiv und fleißig
Durchgeführt von: [LSPD-04] Dr. Emin Perez','2026-05-17 21:56:00') ON DUPLICATE KEY UPDATE `oldRankId`=VALUES(`oldRankId`),`newRankId`=VALUES(`newRankId`),`oldBadgeNumber`=VALUES(`oldBadgeNumber`),`newBadgeNumber`=VALUES(`newBadgeNumber`),`note`=VALUES(`note`);
INSERT INTO `PromotionLog` (`id`,`officerId`,`oldRankId`,`newRankId`,`oldBadgeNumber`,`newBadgeNumber`,`performedByUserId`,`note`,`createdAt`) VALUES ('promo_import_42dc9777e5460cfd','officer_22','rank_sergeant_2','rank_lieutenant_1','32','22',NULL,'[Beförderungen 17.05.2026]
Durchgeführt von: [LSPD-04] Dr. Emin Perez','2026-05-17 21:55:00') ON DUPLICATE KEY UPDATE `oldRankId`=VALUES(`oldRankId`),`newRankId`=VALUES(`newRankId`),`oldBadgeNumber`=VALUES(`oldBadgeNumber`),`newBadgeNumber`=VALUES(`newBadgeNumber`),`note`=VALUES(`note`);
INSERT INTO `PromotionLog` (`id`,`officerId`,`oldRankId`,`newRankId`,`oldBadgeNumber`,`newBadgeNumber`,`performedByUserId`,`note`,`createdAt`) VALUES ('promo_import_c4ff91eca2d72e72','officer_91','rank_rookie','rank_officer_1','150','115',NULL,'Durchgeführt von: [LSPD-04] Dr. Emin Perez','2026-05-11 09:49:00') ON DUPLICATE KEY UPDATE `oldRankId`=VALUES(`oldRankId`),`newRankId`=VALUES(`newRankId`),`oldBadgeNumber`=VALUES(`oldBadgeNumber`),`newBadgeNumber`=VALUES(`newBadgeNumber`),`note`=VALUES(`note`);
INSERT INTO `PromotionLog` (`id`,`officerId`,`oldRankId`,`newRankId`,`oldBadgeNumber`,`newBadgeNumber`,`performedByUserId`,`note`,`createdAt`) VALUES ('promo_import_5a0c83f10787d73a','officer_11','rank_lieutenant_1','rank_lieutenant_2','20','11',NULL,'[Beförderungen 10.05.2026]
Durchgeführt von: [LSPD-04] Dr. Emin Perez','2026-05-11 09:48:00') ON DUPLICATE KEY UPDATE `oldRankId`=VALUES(`oldRankId`),`newRankId`=VALUES(`newRankId`),`oldBadgeNumber`=VALUES(`oldBadgeNumber`),`newBadgeNumber`=VALUES(`newBadgeNumber`),`note`=VALUES(`note`);
INSERT INTO `PromotionLog` (`id`,`officerId`,`oldRankId`,`newRankId`,`oldBadgeNumber`,`newBadgeNumber`,`performedByUserId`,`note`,`createdAt`) VALUES ('promo_import_0a09aa21dd861ec8','officer_54','rank_officer_2','rank_officer_3','91','70',NULL,'[Beförderungen 10.05.2026] Devid Smoke schlägt vor weil aktiv und keine scheiße gebaut bisher.
Durchgeführt von: [LSPD-04] Dr. Emin Perez','2026-05-10 21:53:00') ON DUPLICATE KEY UPDATE `oldRankId`=VALUES(`oldRankId`),`newRankId`=VALUES(`newRankId`),`oldBadgeNumber`=VALUES(`oldBadgeNumber`),`newBadgeNumber`=VALUES(`newBadgeNumber`),`note`=VALUES(`note`);
INSERT INTO `PromotionLog` (`id`,`officerId`,`oldRankId`,`newRankId`,`oldBadgeNumber`,`newBadgeNumber`,`performedByUserId`,`note`,`createdAt`) VALUES ('promo_import_a47b2daa2781a42b','officer_22','rank_sergeant_1','rank_sergeant_2','42','32',NULL,'[Beförderungen 10.05.2026]
Durchgeführt von: [LSPD-04] Dr. Emin Perez','2026-05-10 21:51:00') ON DUPLICATE KEY UPDATE `oldRankId`=VALUES(`oldRankId`),`newRankId`=VALUES(`newRankId`),`oldBadgeNumber`=VALUES(`oldBadgeNumber`),`newBadgeNumber`=VALUES(`newBadgeNumber`),`note`=VALUES(`note`);
INSERT INTO `PromotionLog` (`id`,`officerId`,`oldRankId`,`newRankId`,`oldBadgeNumber`,`newBadgeNumber`,`performedByUserId`,`note`,`createdAt`) VALUES ('promo_import_8442408993b7d6fc','officer_117','rank_rookie','rank_officer_1','166','117',NULL,'[Beförderungen 10.05.2026] Ausbildung durch
Durchgeführt von: [LSPD-04] Dr. Emin Perez','2026-05-10 21:51:00') ON DUPLICATE KEY UPDATE `oldRankId`=VALUES(`oldRankId`),`newRankId`=VALUES(`newRankId`),`oldBadgeNumber`=VALUES(`oldBadgeNumber`),`newBadgeNumber`=VALUES(`newBadgeNumber`),`note`=VALUES(`note`);
INSERT INTO `PromotionLog` (`id`,`officerId`,`oldRankId`,`newRankId`,`oldBadgeNumber`,`newBadgeNumber`,`performedByUserId`,`note`,`createdAt`) VALUES ('promo_import_3245e1942216dd2e','officer_20','rank_sergeant_1','rank_sergeant_2','41','31',NULL,'[Beförderungen 10.05.2026] macht gut mit als Ait unit, funkt gut durch, ist oft da
Durchgeführt von: [LSPD-04] Dr. Emin Perez','2026-05-10 21:49:00') ON DUPLICATE KEY UPDATE `oldRankId`=VALUES(`oldRankId`),`newRankId`=VALUES(`newRankId`),`oldBadgeNumber`=VALUES(`oldBadgeNumber`),`newBadgeNumber`=VALUES(`newBadgeNumber`),`note`=VALUES(`note`);
INSERT INTO `PromotionLog` (`id`,`officerId`,`oldRankId`,`newRankId`,`oldBadgeNumber`,`newBadgeNumber`,`performedByUserId`,`note`,`createdAt`) VALUES ('promo_import_69f3bf735793cd65','officer_50','rank_officer_2','rank_officer_3','92','71',NULL,'[Beförderungen 10.05.2026] Aktiv, gute Arbeit, SRU Mitglied
Durchgeführt von: [LSPD-04] Dr. Emin Perez','2026-05-10 21:48:00') ON DUPLICATE KEY UPDATE `oldRankId`=VALUES(`oldRankId`),`newRankId`=VALUES(`newRankId`),`oldBadgeNumber`=VALUES(`oldBadgeNumber`),`newBadgeNumber`=VALUES(`newBadgeNumber`),`note`=VALUES(`note`);
INSERT INTO `PromotionLog` (`id`,`officerId`,`oldRankId`,`newRankId`,`oldBadgeNumber`,`newBadgeNumber`,`performedByUserId`,`note`,`createdAt`) VALUES ('promo_import_9c9c52842e7d4e2a','officer_9','rank_lieutenant_2','rank_captain_of_lspd','12','9',NULL,'[Beförderungen 10.05.2026]
Durchgeführt von: [LSPD-04] Dr. Emin Perez','2026-05-10 21:45:00') ON DUPLICATE KEY UPDATE `oldRankId`=VALUES(`oldRankId`),`newRankId`=VALUES(`newRankId`),`oldBadgeNumber`=VALUES(`oldBadgeNumber`),`newBadgeNumber`=VALUES(`newBadgeNumber`),`note`=VALUES(`note`);
INSERT INTO `PromotionLog` (`id`,`officerId`,`oldRankId`,`newRankId`,`oldBadgeNumber`,`newBadgeNumber`,`performedByUserId`,`note`,`createdAt`) VALUES ('promo_import_7826eaaaee05099d','officer_51','rank_officer_2','rank_officer_3','96','73',NULL,'[Beförderungen 10.05.2026] Aktiv + Ausbildungen
Durchgeführt von: [LSPD-04] Dr. Emin Perez','2026-05-10 21:43:00') ON DUPLICATE KEY UPDATE `oldRankId`=VALUES(`oldRankId`),`newRankId`=VALUES(`newRankId`),`oldBadgeNumber`=VALUES(`oldBadgeNumber`),`newBadgeNumber`=VALUES(`newBadgeNumber`),`note`=VALUES(`note`);
INSERT INTO `PromotionLog` (`id`,`officerId`,`oldRankId`,`newRankId`,`oldBadgeNumber`,`newBadgeNumber`,`performedByUserId`,`note`,`createdAt`) VALUES ('promo_import_079b03f45e68507d','officer_118','rank_rookie','rank_officer_1','133','118',NULL,'[Beförderungen 10.05.2026] Ausbildungen durch.
Durchgeführt von: [LSPD-04] Dr. Emin Perez','2026-05-10 21:42:00') ON DUPLICATE KEY UPDATE `oldRankId`=VALUES(`oldRankId`),`newRankId`=VALUES(`newRankId`),`oldBadgeNumber`=VALUES(`oldBadgeNumber`),`newBadgeNumber`=VALUES(`newBadgeNumber`),`note`=VALUES(`note`);
INSERT INTO `PromotionLog` (`id`,`officerId`,`oldRankId`,`newRankId`,`oldBadgeNumber`,`newBadgeNumber`,`performedByUserId`,`note`,`createdAt`) VALUES ('promo_import_cb2468d59474ba7f','officer_44','rank_senior_officer','rank_sergeant_1','50','44',NULL,'[Beförderungen 10.05.2026]
Durchgeführt von: [LSPD-04] Dr. Emin Perez','2026-05-10 21:40:00') ON DUPLICATE KEY UPDATE `oldRankId`=VALUES(`oldRankId`),`newRankId`=VALUES(`newRankId`),`oldBadgeNumber`=VALUES(`oldBadgeNumber`),`newBadgeNumber`=VALUES(`newBadgeNumber`),`note`=VALUES(`note`);
INSERT INTO `PromotionLog` (`id`,`officerId`,`oldRankId`,`newRankId`,`oldBadgeNumber`,`newBadgeNumber`,`performedByUserId`,`note`,`createdAt`) VALUES ('promo_import_e5fdd32bfeacf38a','officer_40','rank_senior_officer','rank_sergeant_1','51','40',NULL,'[Beförderungen 10.05.2026]
Durchgeführt von: [LSPD-02] Hanni Killer','2026-05-10 21:38:00') ON DUPLICATE KEY UPDATE `oldRankId`=VALUES(`oldRankId`),`newRankId`=VALUES(`newRankId`),`oldBadgeNumber`=VALUES(`oldBadgeNumber`),`newBadgeNumber`=VALUES(`newBadgeNumber`),`note`=VALUES(`note`);
INSERT INTO `PromotionLog` (`id`,`officerId`,`oldRankId`,`newRankId`,`oldBadgeNumber`,`newBadgeNumber`,`performedByUserId`,`note`,`createdAt`) VALUES ('promo_import_cbafbdb208c071b0','officer_21','rank_sergeant_2','rank_lieutenant_1','30','21',NULL,'[Beförderungen 10.05.2026]
Durchgeführt von: [LSPD-02] Hanni Killer','2026-05-10 21:36:00') ON DUPLICATE KEY UPDATE `oldRankId`=VALUES(`oldRankId`),`newRankId`=VALUES(`newRankId`),`oldBadgeNumber`=VALUES(`oldBadgeNumber`),`newBadgeNumber`=VALUES(`newBadgeNumber`),`note`=VALUES(`note`);
INSERT INTO `PromotionLog` (`id`,`officerId`,`oldRankId`,`newRankId`,`oldBadgeNumber`,`newBadgeNumber`,`performedByUserId`,`note`,`createdAt`) VALUES ('promo_import_dd9896606158b766','officer_4','rank_deputy_chief_of_police','rank_commander_of_organisation','3','4',NULL,'Verschiebung (Roster)
Durchgeführt von: [LSPD-04] Dr. Emin Perez','2026-05-07 22:06:00') ON DUPLICATE KEY UPDATE `oldRankId`=VALUES(`oldRankId`),`newRankId`=VALUES(`newRankId`),`oldBadgeNumber`=VALUES(`oldBadgeNumber`),`newBadgeNumber`=VALUES(`newBadgeNumber`),`note`=VALUES(`note`);
INSERT INTO `PromotionLog` (`id`,`officerId`,`oldRankId`,`newRankId`,`oldBadgeNumber`,`newBadgeNumber`,`performedByUserId`,`note`,`createdAt`) VALUES ('promo_import_c7da5cf105618417','officer_4','rank_commander_of_organisation','rank_deputy_chief_of_police','4','3',NULL,'Test
Durchgeführt von: [LSPD-01] Von Falkenstein','2026-05-07 21:47:00') ON DUPLICATE KEY UPDATE `oldRankId`=VALUES(`oldRankId`),`newRankId`=VALUES(`newRankId`),`oldBadgeNumber`=VALUES(`oldBadgeNumber`),`newBadgeNumber`=VALUES(`newBadgeNumber`),`note`=VALUES(`note`);
INSERT INTO `PromotionLog` (`id`,`officerId`,`oldRankId`,`newRankId`,`oldBadgeNumber`,`newBadgeNumber`,`performedByUserId`,`note`,`createdAt`) VALUES ('promo_import_3f29e930dc591114','officer_2','rank_captain_of_lspd','rank_assistant_chief_of_police','14','2',NULL,'Durchgeführt von: [LSPD-01] Von Falkenstein','2026-05-06 20:26:00') ON DUPLICATE KEY UPDATE `oldRankId`=VALUES(`oldRankId`),`newRankId`=VALUES(`newRankId`),`oldBadgeNumber`=VALUES(`oldBadgeNumber`),`newBadgeNumber`=VALUES(`newBadgeNumber`),`note`=VALUES(`note`);
INSERT INTO `PromotionLog` (`id`,`officerId`,`oldRankId`,`newRankId`,`oldBadgeNumber`,`newBadgeNumber`,`performedByUserId`,`note`,`createdAt`) VALUES ('promo_import_fe8d2560ac9c8cbb','officer_2','rank_lieutenant_2','rank_captain_of_lspd','14','14',NULL,'Durchgeführt von: [LSPD-01] Von Falkenstein','2026-05-06 20:26:00') ON DUPLICATE KEY UPDATE `oldRankId`=VALUES(`oldRankId`),`newRankId`=VALUES(`newRankId`),`oldBadgeNumber`=VALUES(`oldBadgeNumber`),`newBadgeNumber`=VALUES(`newBadgeNumber`),`note`=VALUES(`note`);
INSERT INTO `PromotionLog` (`id`,`officerId`,`oldRankId`,`newRankId`,`oldBadgeNumber`,`newBadgeNumber`,`performedByUserId`,`note`,`createdAt`) VALUES ('promo_import_80caec425953661a','officer_2','rank_assistant_chief_of_police','rank_lieutenant_2','2','14',NULL,'Durchgeführt von: [LSPD-01] Von Falkenstein','2026-05-06 20:25:00') ON DUPLICATE KEY UPDATE `oldRankId`=VALUES(`oldRankId`),`newRankId`=VALUES(`newRankId`),`oldBadgeNumber`=VALUES(`oldBadgeNumber`),`newBadgeNumber`=VALUES(`newBadgeNumber`),`note`=VALUES(`note`);
INSERT INTO `PromotionLog` (`id`,`officerId`,`oldRankId`,`newRankId`,`oldBadgeNumber`,`newBadgeNumber`,`performedByUserId`,`note`,`createdAt`) VALUES ('promo_import_89dd8d28abf57dff','officer_92','rank_officer_3','rank_officer_2','70','92',NULL,'Durchgeführt von: [LSPD-04] Dr. Emin Perez','2026-05-05 16:21:00') ON DUPLICATE KEY UPDATE `oldRankId`=VALUES(`oldRankId`),`newRankId`=VALUES(`newRankId`),`oldBadgeNumber`=VALUES(`oldBadgeNumber`),`newBadgeNumber`=VALUES(`newBadgeNumber`),`note`=VALUES(`note`);
INSERT INTO `PromotionLog` (`id`,`officerId`,`oldRankId`,`newRankId`,`oldBadgeNumber`,`newBadgeNumber`,`performedByUserId`,`note`,`createdAt`) VALUES ('promo_import_d09dd8a0bb2ef82a','officer_50','rank_officer_2','rank_officer_3','92','70',NULL,'[Beförderungen 10.05.2026]
Durchgeführt von: [LSPD-04] Dr. Emin Perez','2026-05-05 16:20:00') ON DUPLICATE KEY UPDATE `oldRankId`=VALUES(`oldRankId`),`newRankId`=VALUES(`newRankId`),`oldBadgeNumber`=VALUES(`oldBadgeNumber`),`newBadgeNumber`=VALUES(`newBadgeNumber`),`note`=VALUES(`note`);
INSERT INTO `PromotionLog` (`id`,`officerId`,`oldRankId`,`newRankId`,`oldBadgeNumber`,`newBadgeNumber`,`performedByUserId`,`note`,`createdAt`) VALUES ('promo_import_e3518a71e612c2bc','officer_4','rank_deputy_chief_of_police','rank_commander_of_organisation','3','4',NULL,'Durchgeführt von: [LSPD-01] Von Falkenstein','2026-05-04 21:32:00') ON DUPLICATE KEY UPDATE `oldRankId`=VALUES(`oldRankId`),`newRankId`=VALUES(`newRankId`),`oldBadgeNumber`=VALUES(`oldBadgeNumber`),`newBadgeNumber`=VALUES(`newBadgeNumber`),`note`=VALUES(`note`);
INSERT INTO `PromotionLog` (`id`,`officerId`,`oldRankId`,`newRankId`,`oldBadgeNumber`,`newBadgeNumber`,`performedByUserId`,`note`,`createdAt`) VALUES ('promo_import_eb9edfe265dbf781','officer_4','rank_deputy_chief_of_police','rank_commander_of_organisation','3','4',NULL,'Durchgeführt von: [LSPD-04] Dr. Emin Perez','2026-05-04 21:32:00') ON DUPLICATE KEY UPDATE `oldRankId`=VALUES(`oldRankId`),`newRankId`=VALUES(`newRankId`),`oldBadgeNumber`=VALUES(`oldBadgeNumber`),`newBadgeNumber`=VALUES(`newBadgeNumber`),`note`=VALUES(`note`);
INSERT INTO `PromotionLog` (`id`,`officerId`,`oldRankId`,`newRankId`,`oldBadgeNumber`,`newBadgeNumber`,`performedByUserId`,`note`,`createdAt`) VALUES ('promo_import_f4acafda83de03fe','officer_4','rank_commander_of_organisation','rank_deputy_chief_of_police','4','3',NULL,'Durchgeführt von: [LSPD-04] Dr. Emin Perez','2026-05-04 21:30:00') ON DUPLICATE KEY UPDATE `oldRankId`=VALUES(`oldRankId`),`newRankId`=VALUES(`newRankId`),`oldBadgeNumber`=VALUES(`oldBadgeNumber`),`newBadgeNumber`=VALUES(`newBadgeNumber`),`note`=VALUES(`note`);
INSERT INTO `PromotionLog` (`id`,`officerId`,`oldRankId`,`newRankId`,`oldBadgeNumber`,`newBadgeNumber`,`performedByUserId`,`note`,`createdAt`) VALUES ('promo_import_2841f40ced9b7bb3','officer_51','rank_officer_3','rank_senior_officer','70','51',NULL,'Verschiebung (Roster)
Durchgeführt von: [LSPD-04] Dr. Emin Perez','2026-05-04 20:41:00') ON DUPLICATE KEY UPDATE `oldRankId`=VALUES(`oldRankId`),`newRankId`=VALUES(`newRankId`),`oldBadgeNumber`=VALUES(`oldBadgeNumber`),`newBadgeNumber`=VALUES(`newBadgeNumber`),`note`=VALUES(`note`);
INSERT INTO `PromotionLog` (`id`,`officerId`,`oldRankId`,`newRankId`,`oldBadgeNumber`,`newBadgeNumber`,`performedByUserId`,`note`,`createdAt`) VALUES ('promo_import_4e3135f91e10a2a3','officer_92','rank_officer_1','rank_officer_2','117','92',NULL,'Verschiebung (Roster)
Durchgeführt von: [LSPD-04] Dr. Emin Perez','2026-05-04 20:40:00') ON DUPLICATE KEY UPDATE `oldRankId`=VALUES(`oldRankId`),`newRankId`=VALUES(`newRankId`),`oldBadgeNumber`=VALUES(`oldBadgeNumber`),`newBadgeNumber`=VALUES(`newBadgeNumber`),`note`=VALUES(`note`);
INSERT INTO `PromotionLog` (`id`,`officerId`,`oldRankId`,`newRankId`,`oldBadgeNumber`,`newBadgeNumber`,`performedByUserId`,`note`,`createdAt`) VALUES ('promo_import_1226a209d3b68dad','officer_91','rank_officer_1','rank_officer_2','128','91',NULL,'Verschiebung (Roster)
Durchgeführt von: [LSPD-04] Dr. Emin Perez','2026-05-04 20:39:00') ON DUPLICATE KEY UPDATE `oldRankId`=VALUES(`oldRankId`),`newRankId`=VALUES(`newRankId`),`oldBadgeNumber`=VALUES(`oldBadgeNumber`),`newBadgeNumber`=VALUES(`newBadgeNumber`),`note`=VALUES(`note`);
INSERT INTO `PromotionLog` (`id`,`officerId`,`oldRankId`,`newRankId`,`oldBadgeNumber`,`newBadgeNumber`,`performedByUserId`,`note`,`createdAt`) VALUES ('promo_import_55702b3c40b67dc8','officer_20','rank_sergeant_2','rank_lieutenant_1','31','20',NULL,'Beförderung 04.05.26 von 01
Durchgeführt von: [LSPD-08] Riccardo Izza','2026-05-04 20:38:00') ON DUPLICATE KEY UPDATE `oldRankId`=VALUES(`oldRankId`),`newRankId`=VALUES(`newRankId`),`oldBadgeNumber`=VALUES(`oldBadgeNumber`),`newBadgeNumber`=VALUES(`newBadgeNumber`),`note`=VALUES(`note`);
INSERT INTO `PromotionLog` (`id`,`officerId`,`oldRankId`,`newRankId`,`oldBadgeNumber`,`newBadgeNumber`,`performedByUserId`,`note`,`createdAt`) VALUES ('promo_import_c354b09cdb8be79b','officer_9','rank_lieutenant_1','rank_lieutenant_2','20','12',NULL,'[Beförderung 03.05.2026]
Durchgeführt von: [LSPD-01] Von Falkenstein','2026-05-04 20:29:00') ON DUPLICATE KEY UPDATE `oldRankId`=VALUES(`oldRankId`),`newRankId`=VALUES(`newRankId`),`oldBadgeNumber`=VALUES(`oldBadgeNumber`),`newBadgeNumber`=VALUES(`newBadgeNumber`),`note`=VALUES(`note`);
INSERT INTO `PromotionLog` (`id`,`officerId`,`oldRankId`,`newRankId`,`oldBadgeNumber`,`newBadgeNumber`,`performedByUserId`,`note`,`createdAt`) VALUES ('promo_import_0bde6f98d333c520','officer_22','rank_senior_officer','rank_sergeant_1','51','42',NULL,'[Beförderung 03.05.2026]
Durchgeführt von: [LSPD-01] Von Falkenstein','2026-05-04 20:29:00') ON DUPLICATE KEY UPDATE `oldRankId`=VALUES(`oldRankId`),`newRankId`=VALUES(`newRankId`),`oldBadgeNumber`=VALUES(`oldBadgeNumber`),`newBadgeNumber`=VALUES(`newBadgeNumber`),`note`=VALUES(`note`);
INSERT INTO `PromotionLog` (`id`,`officerId`,`oldRankId`,`newRankId`,`oldBadgeNumber`,`newBadgeNumber`,`performedByUserId`,`note`,`createdAt`) VALUES ('promo_import_9bda5053641a2c3b','officer_51','rank_officer_1','rank_officer_2','110','96',NULL,'[Beförderung 03.05.2026]
Durchgeführt von: [LSPD-01] Von Falkenstein','2026-05-04 20:28:00') ON DUPLICATE KEY UPDATE `oldRankId`=VALUES(`oldRankId`),`newRankId`=VALUES(`newRankId`),`oldBadgeNumber`=VALUES(`oldBadgeNumber`),`newBadgeNumber`=VALUES(`newBadgeNumber`),`note`=VALUES(`note`);
INSERT INTO `PromotionLog` (`id`,`officerId`,`oldRankId`,`newRankId`,`oldBadgeNumber`,`newBadgeNumber`,`performedByUserId`,`note`,`createdAt`) VALUES ('promo_import_bd7e3549e07125c4','officer_20','rank_senior_officer','rank_sergeant_1','52','41',NULL,'[Beförderung 03.05.2026]
Durchgeführt von: [LSPD-01] Von Falkenstein','2026-05-04 20:27:00') ON DUPLICATE KEY UPDATE `oldRankId`=VALUES(`oldRankId`),`newRankId`=VALUES(`newRankId`),`oldBadgeNumber`=VALUES(`oldBadgeNumber`),`newBadgeNumber`=VALUES(`newBadgeNumber`),`note`=VALUES(`note`);
INSERT INTO `PromotionLog` (`id`,`officerId`,`oldRankId`,`newRankId`,`oldBadgeNumber`,`newBadgeNumber`,`performedByUserId`,`note`,`createdAt`) VALUES ('promo_import_544e1c59d40b0ba7','officer_8','rank_sergeant_1','rank_sergeant_2','41','31',NULL,'Verschiebung (Roster)
Durchgeführt von: [LSPD-04] Dr. Emin Perez','2026-05-04 18:35:00') ON DUPLICATE KEY UPDATE `oldRankId`=VALUES(`oldRankId`),`newRankId`=VALUES(`newRankId`),`oldBadgeNumber`=VALUES(`oldBadgeNumber`),`newBadgeNumber`=VALUES(`newBadgeNumber`),`note`=VALUES(`note`);
INSERT INTO `PromotionLog` (`id`,`officerId`,`oldRankId`,`newRankId`,`oldBadgeNumber`,`newBadgeNumber`,`performedByUserId`,`note`,`createdAt`) VALUES ('promo_import_863643f3eaf897aa','officer_2','rank_deputy_chief_of_police','rank_assistant_chief_of_police','3','3',NULL,'Durchgeführt von: [LSPD-04] Dr. Emin Perez','2026-05-04 01:06:00') ON DUPLICATE KEY UPDATE `oldRankId`=VALUES(`oldRankId`),`newRankId`=VALUES(`newRankId`),`oldBadgeNumber`=VALUES(`oldBadgeNumber`),`newBadgeNumber`=VALUES(`newBadgeNumber`),`note`=VALUES(`note`);
INSERT INTO `PromotionLog` (`id`,`officerId`,`oldRankId`,`newRankId`,`oldBadgeNumber`,`newBadgeNumber`,`performedByUserId`,`note`,`createdAt`) VALUES ('promo_import_a5eac15921395fb6','officer_8','rank_sergeant_2','rank_sergeant_1','31','41',NULL,'Verschiebung (Roster)
Durchgeführt von: [LSPD-04] Dr. Emin Perez','2026-05-03 21:34:00') ON DUPLICATE KEY UPDATE `oldRankId`=VALUES(`oldRankId`),`newRankId`=VALUES(`newRankId`),`oldBadgeNumber`=VALUES(`oldBadgeNumber`),`newBadgeNumber`=VALUES(`newBadgeNumber`),`note`=VALUES(`note`);
INSERT INTO `PromotionLog` (`id`,`officerId`,`oldRankId`,`newRankId`,`oldBadgeNumber`,`newBadgeNumber`,`performedByUserId`,`note`,`createdAt`) VALUES ('promo_import_90889b0ac5287686','officer_8','rank_lieutenant_1','rank_sergeant_2','22','31',NULL,'Verschiebung (Roster)
Durchgeführt von: [LSPD-04] Dr. Emin Perez','2026-05-03 18:47:00') ON DUPLICATE KEY UPDATE `oldRankId`=VALUES(`oldRankId`),`newRankId`=VALUES(`newRankId`),`oldBadgeNumber`=VALUES(`oldBadgeNumber`),`newBadgeNumber`=VALUES(`newBadgeNumber`),`note`=VALUES(`note`);
INSERT INTO `PromotionLog` (`id`,`officerId`,`oldRankId`,`newRankId`,`oldBadgeNumber`,`newBadgeNumber`,`performedByUserId`,`note`,`createdAt`) VALUES ('promo_import_bf9c88662ab29165','officer_22','rank_sergeant_1','rank_lieutenant_1','45','22',NULL,'[Beförderung 03.05.2026]
Durchgeführt von: [LSPD-06] Antonio Izza','2026-05-03 16:58:00') ON DUPLICATE KEY UPDATE `oldRankId`=VALUES(`oldRankId`),`newRankId`=VALUES(`newRankId`),`oldBadgeNumber`=VALUES(`oldBadgeNumber`),`newBadgeNumber`=VALUES(`newBadgeNumber`),`note`=VALUES(`note`);
INSERT INTO `PromotionLog` (`id`,`officerId`,`oldRankId`,`newRankId`,`oldBadgeNumber`,`newBadgeNumber`,`performedByUserId`,`note`,`createdAt`) VALUES ('promo_import_70dea5f2840d44a1','officer_50','rank_officer_3','rank_senior_officer','71','50',NULL,'Verschiebung (Roster)
Durchgeführt von: Lionel Alvarez','2026-05-01 00:25:00') ON DUPLICATE KEY UPDATE `oldRankId`=VALUES(`oldRankId`),`newRankId`=VALUES(`newRankId`),`oldBadgeNumber`=VALUES(`oldBadgeNumber`),`newBadgeNumber`=VALUES(`newBadgeNumber`),`note`=VALUES(`note`);
INSERT INTO `PromotionLog` (`id`,`officerId`,`oldRankId`,`newRankId`,`oldBadgeNumber`,`newBadgeNumber`,`performedByUserId`,`note`,`createdAt`) VALUES ('promo_import_1c6c955ac7854212','officer_40','rank_senior_officer','rank_officer_3','50','70',NULL,'Verschiebung (Roster)
Durchgeführt von: Lionel Alvarez','2026-05-01 00:25:00') ON DUPLICATE KEY UPDATE `oldRankId`=VALUES(`oldRankId`),`newRankId`=VALUES(`newRankId`),`oldBadgeNumber`=VALUES(`oldBadgeNumber`),`newBadgeNumber`=VALUES(`newBadgeNumber`),`note`=VALUES(`note`);
INSERT INTO `PromotionLog` (`id`,`officerId`,`oldRankId`,`newRankId`,`oldBadgeNumber`,`newBadgeNumber`,`performedByUserId`,`note`,`createdAt`) VALUES ('promo_import_b9399da3fc66c051','officer_50','rank_officer_3','rank_senior_officer','70','50',NULL,'Verschiebung (Roster)
Durchgeführt von: Lionel Alvarez','2026-05-01 00:24:00') ON DUPLICATE KEY UPDATE `oldRankId`=VALUES(`oldRankId`),`newRankId`=VALUES(`newRankId`),`oldBadgeNumber`=VALUES(`oldBadgeNumber`),`newBadgeNumber`=VALUES(`newBadgeNumber`),`note`=VALUES(`note`);
INSERT INTO `PromotionLog` (`id`,`officerId`,`oldRankId`,`newRankId`,`oldBadgeNumber`,`newBadgeNumber`,`performedByUserId`,`note`,`createdAt`) VALUES ('promo_import_4bafeaf7560326a6','officer_44','rank_senior_officer','rank_officer_3','54','71',NULL,'Verschiebung (Roster)
Durchgeführt von: Lionel Alvarez','2026-05-01 00:24:00') ON DUPLICATE KEY UPDATE `oldRankId`=VALUES(`oldRankId`),`newRankId`=VALUES(`newRankId`),`oldBadgeNumber`=VALUES(`oldBadgeNumber`),`newBadgeNumber`=VALUES(`newBadgeNumber`),`note`=VALUES(`note`);
INSERT INTO `PromotionLog` (`id`,`officerId`,`oldRankId`,`newRankId`,`oldBadgeNumber`,`newBadgeNumber`,`performedByUserId`,`note`,`createdAt`) VALUES ('promo_import_17514f220b7ca4a3','officer_40','rank_senior_officer','rank_officer_3','70','70',NULL,'Durchgeführt von: [LSPD-01] Von Falkenstein','2026-04-29 18:55:00') ON DUPLICATE KEY UPDATE `oldRankId`=VALUES(`oldRankId`),`newRankId`=VALUES(`newRankId`),`oldBadgeNumber`=VALUES(`oldBadgeNumber`),`newBadgeNumber`=VALUES(`newBadgeNumber`),`note`=VALUES(`note`);
INSERT INTO `PromotionLog` (`id`,`officerId`,`oldRankId`,`newRankId`,`oldBadgeNumber`,`newBadgeNumber`,`performedByUserId`,`note`,`createdAt`) VALUES ('promo_import_ca86fb6998dcb7f5','officer_40','rank_officer_3','rank_senior_officer','70','70',NULL,'[Beförderungen 3.5.2026] Aktiv, Ausbilder
Durchgeführt von: [LSPD-01] Von Falkenstein','2026-04-29 18:54:00') ON DUPLICATE KEY UPDATE `oldRankId`=VALUES(`oldRankId`),`newRankId`=VALUES(`newRankId`),`oldBadgeNumber`=VALUES(`oldBadgeNumber`),`newBadgeNumber`=VALUES(`newBadgeNumber`),`note`=VALUES(`note`);
-- Übersprungene Rangwechsel-Zeilen: 1

-- Sanktionen. Nur Sanktionen für vorhandene nicht-terminierte Officers werden importiert.
INSERT INTO `Sanction` (`id`,`officerId`,`reason`,`penalGrade`,`fineAmount`,`penalty`,`status`,`dueAt`,`paidAt`,`resolvedAt`,`escalatedAt`,`parentSanctionId`,`discordChannelId`,`discordMessageId`,`issuedByUserId`,`previousRank`,`previousBadgeNumber`,`previousFirstName`,`previousLastName`,`createdAt`,`updatedAt`) VALUES ('sanction_import_d6c9e75d65f58804','officer_9','Nicht bezahlt bis 15.05.2026, 21:08. Ursprünglicher Grund: Missachten von Befehlen von Vorgesetzen und Respektloses Verhalten
Ausgestellt von: [LSPD-05] Ruben Hoffmann','Penal Grade II',40000,'Automatische Verdopplung wegen nicht bezahlter Sanktion.','PAID',NULL,NULL,NULL,NULL,NULL,NULL,NULL,NULL,'Captain of LSPD','9','Lionel','Alvarez','2026-05-15 21:10:00',NOW()) ON DUPLICATE KEY UPDATE `officerId`=VALUES(`officerId`),`reason`=VALUES(`reason`),`penalGrade`=VALUES(`penalGrade`),`fineAmount`=VALUES(`fineAmount`),`penalty`=VALUES(`penalty`),`status`=VALUES(`status`),`updatedAt`=NOW();
INSERT INTO `Sanction` (`id`,`officerId`,`reason`,`penalGrade`,`fineAmount`,`penalty`,`status`,`dueAt`,`paidAt`,`resolvedAt`,`escalatedAt`,`parentSanctionId`,`discordChannelId`,`discordMessageId`,`issuedByUserId`,`previousRank`,`previousBadgeNumber`,`previousFirstName`,`previousLastName`,`createdAt`,`updatedAt`) VALUES ('sanction_import_f68ef0a15e169efd','officer_21','Tasern in der Tiefgarage!
Ausgestellt von: [LSPD-01] Von Falkenstein','Penal Grade IV',60000,NULL,'PAID','2026-05-20 18:18:00',NULL,NULL,NULL,NULL,NULL,NULL,NULL,'Lieutenant 1','21','Rick','Nacs','2026-05-13 18:18:00',NOW()) ON DUPLICATE KEY UPDATE `officerId`=VALUES(`officerId`),`reason`=VALUES(`reason`),`penalGrade`=VALUES(`penalGrade`),`fineAmount`=VALUES(`fineAmount`),`penalty`=VALUES(`penalty`),`status`=VALUES(`status`),`updatedAt`=NOW();
INSERT INTO `Sanction` (`id`,`officerId`,`reason`,`penalGrade`,`fineAmount`,`penalty`,`status`,`dueAt`,`paidAt`,`resolvedAt`,`escalatedAt`,`parentSanctionId`,`discordChannelId`,`discordMessageId`,`issuedByUserId`,`previousRank`,`previousBadgeNumber`,`previousFirstName`,`previousLastName`,`createdAt`,`updatedAt`) VALUES ('sanction_import_ffb478df95b7d382','officer_9','Missachten von Befehlen von Vorgesetzen und Respektloses Verhalten
Ausgestellt von: [LSPD-05] Ruben Hoffmann','Penal Grade II',20000,NULL,'ESCALATED','2026-05-15 21:08:00',NULL,NULL,NULL,NULL,NULL,NULL,NULL,'Captain of LSPD','9','Lionel','Alvarez','2026-05-08 21:08:00',NOW()) ON DUPLICATE KEY UPDATE `officerId`=VALUES(`officerId`),`reason`=VALUES(`reason`),`penalGrade`=VALUES(`penalGrade`),`fineAmount`=VALUES(`fineAmount`),`penalty`=VALUES(`penalty`),`status`=VALUES(`status`),`updatedAt`=NOW();
-- Übersprungene Sanktions-Zeilen: 11

COMMIT;
SET FOREIGN_KEY_CHECKS = 1;

-- Zusammenfassung:
-- Officers importiert: 38 von 107 (69 TERMINATED übersprungen)
-- Dienstzeit-Zeilen importiert: 38, übersprungen: 0
-- Rangwechsel importiert: 58, übersprungen: 1
-- Sanktionen importiert: 3, übersprungen: 11
